{
    "$schema": "https://schema.management.azure.com/schemas/2015-01-01/deploymentParameters.json#",
    "contentVersion": "1.0.0.0",
    "parameters": {
        "vulnerabilityAssessments_Default_storageContainerPath": {
            "value": null
        },
        "routeTables_SALESRT_name": {
            "value": null
        },
        "servers_dbsrvsalesapp_francecentralo3m_name": {
            "value": null
        },
        "privateEndpoints_PE_SalesDB_FranceCentral_name": {
            "value": null
        },
        "loadBalancers_LB_SalesApp_FranceCentral_O3M_name": {
            "value": null
        },
        "virtualNetworks_Vnet_Sales_FranceCentral_O3M_name": {
            "value": null
        },
        "privateDnsZones_privatelink_database_windows_net_name": {
            "value": null
        },
        "networkSecurityGroups_NSG_SalesAPPSN_FranceCentral_O3M_name": {
            "value": null
        },
        "virtualMachineScaleSets_VMSS_SalesAPP_FranceCentral_O3M_name": {
            "value": null
        },
        "autoscalesettings_VMSS_SalesAPP_FranceCentral_O3Mautoscale_name": {
            "value": null
        },
        "networkSecurityGroups_basicNsgVnet_Sales_FranceCentral_O3M_nic01_name": {
            "value": null
        },
        "disks_VMSS_SalesAPP_FranceVMSS_SalesAPP_FranceCdisk1_addfdd930ece4850ae6ec6470a5a2998_externalid": {
            "value": null
        },
        "virtualNetworks_Vnet_Sharedservices_FranceCentral_O3M_externalid": {
            "value": null
        }
    }
}