{
    "$schema": "https://schema.management.azure.com/schemas/2019-04-01/deploymentTemplate.json#",
    "contentVersion": "1.0.0.0",
    "parameters": {
        "vulnerabilityAssessments_Default_storageContainerPath": {
            "type": "SecureString"
        },
        "routeTables_SALESRT_name": {
            "defaultValue": "SALESRT",
            "type": "String"
        },
        "servers_dbsrvsalesapp_francecentralo3m_name": {
            "defaultValue": "dbsrvsalesapp-francecentralo3m",
            "type": "String"
        },
        "privateEndpoints_PE_SalesDB_FranceCentral_name": {
            "defaultValue": "PE-SalesDB-FranceCentral",
            "type": "String"
        },
        "loadBalancers_LB_SalesApp_FranceCentral_O3M_name": {
            "defaultValue": "LB-SalesApp-FranceCentral-O3M",
            "type": "String"
        },
        "virtualNetworks_Vnet_Sales_FranceCentral_O3M_name": {
            "defaultValue": "Vnet-Sales-FranceCentral-O3M",
            "type": "String"
        },
        "privateDnsZones_privatelink_database_windows_net_name": {
            "defaultValue": "privatelink.database.windows.net",
            "type": "String"
        },
        "networkSecurityGroups_NSG_SalesAPPSN_FranceCentral_O3M_name": {
            "defaultValue": "NSG-SalesAPPSN-FranceCentral-O3M",
            "type": "String"
        },
        "virtualMachineScaleSets_VMSS_SalesAPP_FranceCentral_O3M_name": {
            "defaultValue": "VMSS-SalesAPP-FranceCentral-O3M",
            "type": "String"
        },
        "autoscalesettings_VMSS_SalesAPP_FranceCentral_O3Mautoscale_name": {
            "defaultValue": "VMSS-SalesAPP-FranceCentral-O3Mautoscale",
            "type": "String"
        },
        "networkSecurityGroups_basicNsgVnet_Sales_FranceCentral_O3M_nic01_name": {
            "defaultValue": "basicNsgVnet-Sales-FranceCentral-O3M-nic01",
            "type": "String"
        },
        "disks_VMSS_SalesAPP_FranceVMSS_SalesAPP_FranceCdisk1_addfdd930ece4850ae6ec6470a5a2998_externalid": {
            "defaultValue": "/subscriptions/9f1175b8-7059-4b6a-8c09-43032c79d56c/resourceGroups/RG-SALES-FRANCECENTRAL-O3M/providers/Microsoft.Compute/disks/VMSS-SalesAPP-FranceVMSS-SalesAPP-FranceCdisk1_addfdd930ece4850ae6ec6470a5a2998",
            "type": "String"
        },
        "virtualNetworks_Vnet_Sharedservices_FranceCentral_O3M_externalid": {
            "defaultValue": "/subscriptions/9f1175b8-7059-4b6a-8c09-43032c79d56c/resourceGroups/RG-Sharedservices-FranceCentral-O3M/providers/Microsoft.Network/virtualNetworks/Vnet-Sharedservices-FranceCentral-O3M",
            "type": "String"
        }
    },
    "variables": {},
    "resources": [
        {
            "type": "Microsoft.Network/networkSecurityGroups",
            "apiVersion": "2024-01-01",
            "name": "[parameters('networkSecurityGroups_basicNsgVnet_Sales_FranceCentral_O3M_nic01_name')]",
            "location": "francecentral",
            "tags": {
                "Department": "Sales",
                "Type": "VMSS"
            },
            "properties": {
                "securityRules": [
                    {
                        "name": "Tcp",
                        "id": "[resourceId('Microsoft.Network/networkSecurityGroups/securityRules', parameters('networkSecurityGroups_basicNsgVnet_Sales_FranceCentral_O3M_nic01_name'), 'Tcp')]",
                        "type": "Microsoft.Network/networkSecurityGroups/securityRules",
                        "properties": {
                            "protocol": "Tcp",
                            "sourcePortRange": "*",
                            "destinationPortRange": "80",
                            "sourceAddressPrefix": "*",
                            "destinationAddressPrefix": "*",
                            "access": "Allow",
                            "priority": 300,
                            "direction": "Inbound",
                            "sourcePortRanges": [],
                            "destinationPortRanges": [],
                            "sourceAddressPrefixes": [],
                            "destinationAddressPrefixes": []
                        }
                    },
                    {
                        "name": "AllowAnyCustom8172Inbound",
                        "id": "[resourceId('Microsoft.Network/networkSecurityGroups/securityRules', parameters('networkSecurityGroups_basicNsgVnet_Sales_FranceCentral_O3M_nic01_name'), 'AllowAnyCustom8172Inbound')]",
                        "type": "Microsoft.Network/networkSecurityGroups/securityRules",
                        "properties": {
                            "protocol": "*",
                            "sourcePortRange": "*",
                            "destinationPortRange": "8172",
                            "sourceAddressPrefix": "*",
                            "destinationAddressPrefix": "*",
                            "access": "Allow",
                            "priority": 310,
                            "direction": "Inbound",
                            "sourcePortRanges": [],
                            "destinationPortRanges": [],
                            "sourceAddressPrefixes": [],
                            "destinationAddressPrefixes": []
                        }
                    },
                    {
                        "name": "AllowAnyCustom50000Inbound",
                        "id": "[resourceId('Microsoft.Network/networkSecurityGroups/securityRules', parameters('networkSecurityGroups_basicNsgVnet_Sales_FranceCentral_O3M_nic01_name'), 'AllowAnyCustom50000Inbound')]",
                        "type": "Microsoft.Network/networkSecurityGroups/securityRules",
                        "properties": {
                            "protocol": "*",
                            "sourcePortRange": "*",
                            "destinationPortRange": "50000",
                            "sourceAddressPrefix": "*",
                            "destinationAddressPrefix": "*",
                            "access": "Allow",
                            "priority": 320,
                            "direction": "Inbound",
                            "sourcePortRanges": [],
                            "destinationPortRanges": [],
                            "sourceAddressPrefixes": [],
                            "destinationAddressPrefixes": []
                        }
                    },
                    {
                        "name": "AllowAnyRDPInbound",
                        "id": "[resourceId('Microsoft.Network/networkSecurityGroups/securityRules', parameters('networkSecurityGroups_basicNsgVnet_Sales_FranceCentral_O3M_nic01_name'), 'AllowAnyRDPInbound')]",
                        "type": "Microsoft.Network/networkSecurityGroups/securityRules",
                        "properties": {
                            "protocol": "TCP",
                            "sourcePortRange": "*",
                            "destinationPortRange": "3389",
                            "sourceAddressPrefix": "*",
                            "destinationAddressPrefix": "*",
                            "access": "Allow",
                            "priority": 330,
                            "direction": "Inbound",
                            "sourcePortRanges": [],
                            "destinationPortRanges": [],
                            "sourceAddressPrefixes": [],
                            "destinationAddressPrefixes": []
                        }
                    }
                ]
            }
        },
        {
            "type": "Microsoft.Network/networkSecurityGroups",
            "apiVersion": "2024-01-01",
            "name": "[parameters('networkSecurityGroups_NSG_SalesAPPSN_FranceCentral_O3M_name')]",
            "location": "francecentral",
            "tags": {
                "Department": "Sales",
                "Type": "Vnet"
            },
            "properties": {
                "securityRules": [
                    {
                        "name": "AllowAnyCustom50000Inbound",
                        "id": "[resourceId('Microsoft.Network/networkSecurityGroups/securityRules', parameters('networkSecurityGroups_NSG_SalesAPPSN_FranceCentral_O3M_name'), 'AllowAnyCustom50000Inbound')]",
                        "type": "Microsoft.Network/networkSecurityGroups/securityRules",
                        "properties": {
                            "protocol": "*",
                            "sourcePortRange": "*",
                            "destinationPortRange": "50000",
                            "sourceAddressPrefix": "*",
                            "destinationAddressPrefix": "*",
                            "access": "Allow",
                            "priority": 100,
                            "direction": "Inbound",
                            "sourcePortRanges": [],
                            "destinationPortRanges": [],
                            "sourceAddressPrefixes": [],
                            "destinationAddressPrefixes": []
                        }
                    },
                    {
                        "name": "AllowAnyCustom8172Inbound",
                        "id": "[resourceId('Microsoft.Network/networkSecurityGroups/securityRules', parameters('networkSecurityGroups_NSG_SalesAPPSN_FranceCentral_O3M_name'), 'AllowAnyCustom8172Inbound')]",
                        "type": "Microsoft.Network/networkSecurityGroups/securityRules",
                        "properties": {
                            "protocol": "*",
                            "sourcePortRange": "*",
                            "destinationPortRange": "8172",
                            "sourceAddressPrefix": "*",
                            "destinationAddressPrefix": "*",
                            "access": "Allow",
                            "priority": 110,
                            "direction": "Inbound",
                            "sourcePortRanges": [],
                            "destinationPortRanges": [],
                            "sourceAddressPrefixes": [],
                            "destinationAddressPrefixes": []
                        }
                    },
                    {
                        "name": "AllowAnyRDPInbound",
                        "id": "[resourceId('Microsoft.Network/networkSecurityGroups/securityRules', parameters('networkSecurityGroups_NSG_SalesAPPSN_FranceCentral_O3M_name'), 'AllowAnyRDPInbound')]",
                        "type": "Microsoft.Network/networkSecurityGroups/securityRules",
                        "properties": {
                            "protocol": "TCP",
                            "sourcePortRange": "*",
                            "destinationPortRange": "3389",
                            "sourceAddressPrefix": "*",
                            "destinationAddressPrefix": "*",
                            "access": "Allow",
                            "priority": 130,
                            "direction": "Inbound",
                            "sourcePortRanges": [],
                            "destinationPortRanges": [],
                            "sourceAddressPrefixes": [],
                            "destinationAddressPrefixes": []
                        }
                    },
                    {
                        "name": "AllowCidrBlockHTTPInbound",
                        "id": "[resourceId('Microsoft.Network/networkSecurityGroups/securityRules', parameters('networkSecurityGroups_NSG_SalesAPPSN_FranceCentral_O3M_name'), 'AllowCidrBlockHTTPInbound')]",
                        "type": "Microsoft.Network/networkSecurityGroups/securityRules",
                        "properties": {
                            "description": "allow only vpn users to open our system",
                            "protocol": "TCP",
                            "sourcePortRange": "80",
                            "destinationPortRange": "80",
                            "sourceAddressPrefix": "172.16.0.0/16",
                            "destinationAddressPrefix": "10.20.10.4",
                            "access": "Allow",
                            "priority": 101,
                            "direction": "Inbound",
                            "sourcePortRanges": [],
                            "destinationPortRanges": [],
                            "sourceAddressPrefixes": [],
                            "destinationAddressPrefixes": []
                        }
                    }
                ]
            }
        },
        {
            "type": "Microsoft.Network/privateDnsZones",
            "apiVersion": "2024-06-01",
            "name": "[parameters('privateDnsZones_privatelink_database_windows_net_name')]",
            "location": "global",
            "properties": {}
        },
        {
            "type": "Microsoft.Network/routeTables",
            "apiVersion": "2024-01-01",
            "name": "[parameters('routeTables_SALESRT_name')]",
            "location": "francecentral",
            "tags": {
                "Department": "Sales",
                "Type": "RT"
            },
            "properties": {
                "disableBgpRoutePropagation": true,
                "routes": [
                    {
                        "name": "VMSSTOFW",
                        "id": "[resourceId('Microsoft.Network/routeTables/routes', parameters('routeTables_SALESRT_name'), 'VMSSTOFW')]",
                        "properties": {
                            "addressPrefix": "0.0.0.0/0",
                            "nextHopType": "VirtualAppliance",
                            "nextHopIpAddress": "10.30.0.4",
                            "hasBgpOverride": false
                        },
                        "type": "Microsoft.Network/routeTables/routes"
                    }
                ]
            }
        },
        {
            "type": "Microsoft.Sql/servers",
            "apiVersion": "2023-08-01-preview",
            "name": "[parameters('servers_dbsrvsalesapp_francecentralo3m_name')]",
            "location": "francecentral",
            "tags": {
                "Department": "Sales",
                "Type": "DB"
            },
            "kind": "v12.0",
            "properties": {
                "administratorLogin": "mostafa",
                "version": "12.0",
                "minimalTlsVersion": "1.2",
                "publicNetworkAccess": "Enabled",
                "restrictOutboundNetworkAccess": "Disabled"
            }
        },
        {
            "type": "microsoft.insights/autoscalesettings",
            "apiVersion": "2022-10-01",
            "name": "[parameters('autoscalesettings_VMSS_SalesAPP_FranceCentral_O3Mautoscale_name')]",
            "location": "francecentral",
            "dependsOn": [
                "[resourceId('Microsoft.Compute/virtualMachineScaleSets', parameters('virtualMachineScaleSets_VMSS_SalesAPP_FranceCentral_O3M_name'))]"
            ],
            "properties": {
                "profiles": [
                    {
                        "name": "Default condition",
                        "capacity": {
                            "minimum": "1",
                            "maximum": "1",
                            "default": "1"
                        },
                        "rules": []
                    },
                    {
                        "name": "scale",
                        "capacity": {
                            "minimum": "1",
                            "maximum": "2",
                            "default": "1"
                        },
                        "rules": [
                            {
                                "metricTrigger": {
                                    "metricName": "Percentage CPU",
                                    "metricResourceUri": "[resourceId('Microsoft.Compute/virtualMachineScaleSets', parameters('virtualMachineScaleSets_VMSS_SalesAPP_FranceCentral_O3M_name'))]",
                                    "timeGrain": "PT1M",
                                    "statistic": "Average",
                                    "timeWindow": "PT5M",
                                    "timeAggregation": "Average",
                                    "operator": "GreaterThan",
                                    "threshold": 70,
                                    "dividePerInstance": false
                                },
                                "scaleAction": {
                                    "direction": "Increase",
                                    "type": "ChangeCount",
                                    "value": "1",
                                    "cooldown": "PT5M"
                                }
                            },
                            {
                                "metricTrigger": {
                                    "metricName": "Percentage CPU",
                                    "metricResourceUri": "[resourceId('Microsoft.Compute/virtualMachineScaleSets', parameters('virtualMachineScaleSets_VMSS_SalesAPP_FranceCentral_O3M_name'))]",
                                    "timeGrain": "PT1M",
                                    "statistic": "Average",
                                    "timeWindow": "PT5M",
                                    "timeAggregation": "Average",
                                    "operator": "LessThan",
                                    "threshold": 50,
                                    "dividePerInstance": false
                                },
                                "scaleAction": {
                                    "direction": "Decrease",
                                    "type": "ChangeCount",
                                    "value": "1",
                                    "cooldown": "PT5M"
                                }
                            }
                        ],
                        "recurrence": {
                            "frequency": "Week",
                            "schedule": {
                                "timeZone": "Dateline Standard Time",
                                "days": [
                                    "Sunday",
                                    "Monday",
                                    "Tuesday",
                                    "Wednesday",
                                    "Thursday",
                                    "Friday"
                                ],
                                "hours": [
                                    0
                                ],
                                "minutes": [
                                    0
                                ]
                            }
                        }
                    }
                ],
                "enabled": true,
                "name": "[parameters('autoscalesettings_VMSS_SalesAPP_FranceCentral_O3Mautoscale_name')]",
                "targetResourceUri": "[resourceId('Microsoft.Compute/virtualMachineScaleSets', parameters('virtualMachineScaleSets_VMSS_SalesAPP_FranceCentral_O3M_name'))]",
                "predictiveAutoscalePolicy": {
                    "scaleMode": "Disabled"
                }
            }
        },
        {
            "type": "Microsoft.Network/loadBalancers",
            "apiVersion": "2024-01-01",
            "name": "[parameters('loadBalancers_LB_SalesApp_FranceCentral_O3M_name')]",
            "location": "francecentral",
            "dependsOn": [
                "[resourceId('Microsoft.Network/virtualNetworks/subnets', parameters('virtualNetworks_Vnet_Sales_FranceCentral_O3M_name'), '9ll-lbSubnet')]"
            ],
            "sku": {
                "name": "Standard",
                "tier": "Regional"
            },
            "properties": {
                "frontendIPConfigurations": [
                    {
                        "name": "[concat(parameters('loadBalancers_LB_SalesApp_FranceCentral_O3M_name'), '-frontendconfig01')]",
                        "id": "[concat(resourceId('Microsoft.Network/loadBalancers', parameters('loadBalancers_LB_SalesApp_FranceCentral_O3M_name')), concat('/frontendIPConfigurations/', parameters('loadBalancers_LB_SalesApp_FranceCentral_O3M_name'), '-frontendconfig01'))]",
                        "properties": {
                            "privateIPAddress": "10.20.0.4",
                            "privateIPAllocationMethod": "Dynamic",
                            "subnet": {
                                "id": "[resourceId('Microsoft.Network/virtualNetworks/subnets', parameters('virtualNetworks_Vnet_Sales_FranceCentral_O3M_name'), '9ll-lbSubnet')]"
                            },
                            "privateIPAddressVersion": "IPv4"
                        }
                    }
                ],
                "backendAddressPools": [
                    {
                        "name": "[concat(parameters('loadBalancers_LB_SalesApp_FranceCentral_O3M_name'), '-backendpool01')]",
                        "id": "[resourceId('Microsoft.Network/loadBalancers/backendAddressPools', parameters('loadBalancers_LB_SalesApp_FranceCentral_O3M_name'), concat(parameters('loadBalancers_LB_SalesApp_FranceCentral_O3M_name'), '-backendpool01'))]",
                        "properties": {
                            "loadBalancerBackendAddresses": [
                                {
                                    "name": "b6e833bf-8a7b-465b-b2ab-498e77c0b35d",
                                    "properties": {}
                                }
                            ]
                        }
                    },
                    {
                        "name": "LBBE-SalesAPP-FranceCentral-O3M",
                        "id": "[resourceId('Microsoft.Network/loadBalancers/backendAddressPools', parameters('loadBalancers_LB_SalesApp_FranceCentral_O3M_name'), 'LBBE-SalesAPP-FranceCentral-O3M')]",
                        "properties": {
                            "loadBalancerBackendAddresses": [
                                {
                                    "name": "9d3b2a5c-68a9-427e-820d-52de8516ecda",
                                    "properties": {}
                                }
                            ]
                        }
                    }
                ],
                "loadBalancingRules": [
                    {
                        "name": "[concat(parameters('loadBalancers_LB_SalesApp_FranceCentral_O3M_name'), '-lbrule01')]",
                        "id": "[concat(resourceId('Microsoft.Network/loadBalancers', parameters('loadBalancers_LB_SalesApp_FranceCentral_O3M_name')), concat('/loadBalancingRules/', parameters('loadBalancers_LB_SalesApp_FranceCentral_O3M_name'), '-lbrule01'))]",
                        "properties": {
                            "frontendIPConfiguration": {
                                "id": "[concat(resourceId('Microsoft.Network/loadBalancers', parameters('loadBalancers_LB_SalesApp_FranceCentral_O3M_name')), concat('/frontendIPConfigurations/', parameters('loadBalancers_LB_SalesApp_FranceCentral_O3M_name'), '-frontendconfig01'))]"
                            },
                            "frontendPort": 80,
                            "backendPort": 80,
                            "enableFloatingIP": false,
                            "idleTimeoutInMinutes": 15,
                            "protocol": "Tcp",
                            "enableTcpReset": false,
                            "loadDistribution": "Default",
                            "disableOutboundSnat": true,
                            "backendAddressPool": {
                                "id": "[resourceId('Microsoft.Network/loadBalancers/backendAddressPools', parameters('loadBalancers_LB_SalesApp_FranceCentral_O3M_name'), concat(parameters('loadBalancers_LB_SalesApp_FranceCentral_O3M_name'), '-backendpool01'))]"
                            },
                            "backendAddressPools": [
                                {
                                    "id": "[resourceId('Microsoft.Network/loadBalancers/backendAddressPools', parameters('loadBalancers_LB_SalesApp_FranceCentral_O3M_name'), concat(parameters('loadBalancers_LB_SalesApp_FranceCentral_O3M_name'), '-backendpool01'))]"
                                }
                            ],
                            "probe": {
                                "id": "[concat(resourceId('Microsoft.Network/loadBalancers', parameters('loadBalancers_LB_SalesApp_FranceCentral_O3M_name')), concat('/probes/', parameters('loadBalancers_LB_SalesApp_FranceCentral_O3M_name'), '-probe01'))]"
                            }
                        }
                    }
                ],
                "probes": [
                    {
                        "name": "[concat(parameters('loadBalancers_LB_SalesApp_FranceCentral_O3M_name'), '-probe01')]",
                        "id": "[concat(resourceId('Microsoft.Network/loadBalancers', parameters('loadBalancers_LB_SalesApp_FranceCentral_O3M_name')), concat('/probes/', parameters('loadBalancers_LB_SalesApp_FranceCentral_O3M_name'), '-probe01'))]",
                        "properties": {
                            "protocol": "Tcp",
                            "port": 80,
                            "intervalInSeconds": 15,
                            "numberOfProbes": 2,
                            "probeThreshold": 1,
                            "noHealthyBackendsBehavior": "AllProbedDown"
                        }
                    }
                ],
                "inboundNatRules": [],
                "outboundRules": [],
                "inboundNatPools": []
            }
        },
        {
            "type": "Microsoft.Network/loadBalancers/backendAddressPools",
            "apiVersion": "2024-01-01",
            "name": "[concat(parameters('loadBalancers_LB_SalesApp_FranceCentral_O3M_name'), '/LBBE-SalesAPP-FranceCentral-O3M')]",
            "dependsOn": [
                "[resourceId('Microsoft.Network/loadBalancers', parameters('loadBalancers_LB_SalesApp_FranceCentral_O3M_name'))]"
            ],
            "properties": {
                "loadBalancerBackendAddresses": [
                    {
                        "name": "9d3b2a5c-68a9-427e-820d-52de8516ecda",
                        "properties": {}
                    }
                ]
            }
        },
        {
            "type": "Microsoft.Network/loadBalancers/backendAddressPools",
            "apiVersion": "2024-01-01",
            "name": "[concat(parameters('loadBalancers_LB_SalesApp_FranceCentral_O3M_name'), '/', parameters('loadBalancers_LB_SalesApp_FranceCentral_O3M_name'), '-backendpool01')]",
            "dependsOn": [
                "[resourceId('Microsoft.Network/loadBalancers', parameters('loadBalancers_LB_SalesApp_FranceCentral_O3M_name'))]"
            ],
            "properties": {
                "loadBalancerBackendAddresses": [
                    {
                        "name": "b6e833bf-8a7b-465b-b2ab-498e77c0b35d",
                        "properties": {}
                    }
                ]
            }
        },
        {
            "type": "Microsoft.Network/networkSecurityGroups/securityRules",
            "apiVersion": "2024-01-01",
            "name": "[concat(parameters('networkSecurityGroups_basicNsgVnet_Sales_FranceCentral_O3M_nic01_name'), '/AllowAnyCustom50000Inbound')]",
            "dependsOn": [
                "[resourceId('Microsoft.Network/networkSecurityGroups', parameters('networkSecurityGroups_basicNsgVnet_Sales_FranceCentral_O3M_nic01_name'))]"
            ],
            "properties": {
                "protocol": "*",
                "sourcePortRange": "*",
                "destinationPortRange": "50000",
                "sourceAddressPrefix": "*",
                "destinationAddressPrefix": "*",
                "access": "Allow",
                "priority": 320,
                "direction": "Inbound",
                "sourcePortRanges": [],
                "destinationPortRanges": [],
                "sourceAddressPrefixes": [],
                "destinationAddressPrefixes": []
            }
        },
        {
            "type": "Microsoft.Network/networkSecurityGroups/securityRules",
            "apiVersion": "2024-01-01",
            "name": "[concat(parameters('networkSecurityGroups_NSG_SalesAPPSN_FranceCentral_O3M_name'), '/AllowAnyCustom50000Inbound')]",
            "dependsOn": [
                "[resourceId('Microsoft.Network/networkSecurityGroups', parameters('networkSecurityGroups_NSG_SalesAPPSN_FranceCentral_O3M_name'))]"
            ],
            "properties": {
                "protocol": "*",
                "sourcePortRange": "*",
                "destinationPortRange": "50000",
                "sourceAddressPrefix": "*",
                "destinationAddressPrefix": "*",
                "access": "Allow",
                "priority": 100,
                "direction": "Inbound",
                "sourcePortRanges": [],
                "destinationPortRanges": [],
                "sourceAddressPrefixes": [],
                "destinationAddressPrefixes": []
            }
        },
        {
            "type": "Microsoft.Network/networkSecurityGroups/securityRules",
            "apiVersion": "2024-01-01",
            "name": "[concat(parameters('networkSecurityGroups_basicNsgVnet_Sales_FranceCentral_O3M_nic01_name'), '/AllowAnyCustom8172Inbound')]",
            "dependsOn": [
                "[resourceId('Microsoft.Network/networkSecurityGroups', parameters('networkSecurityGroups_basicNsgVnet_Sales_FranceCentral_O3M_nic01_name'))]"
            ],
            "properties": {
                "protocol": "*",
                "sourcePortRange": "*",
                "destinationPortRange": "8172",
                "sourceAddressPrefix": "*",
                "destinationAddressPrefix": "*",
                "access": "Allow",
                "priority": 310,
                "direction": "Inbound",
                "sourcePortRanges": [],
                "destinationPortRanges": [],
                "sourceAddressPrefixes": [],
                "destinationAddressPrefixes": []
            }
        },
        {
            "type": "Microsoft.Network/networkSecurityGroups/securityRules",
            "apiVersion": "2024-01-01",
            "name": "[concat(parameters('networkSecurityGroups_NSG_SalesAPPSN_FranceCentral_O3M_name'), '/AllowAnyCustom8172Inbound')]",
            "dependsOn": [
                "[resourceId('Microsoft.Network/networkSecurityGroups', parameters('networkSecurityGroups_NSG_SalesAPPSN_FranceCentral_O3M_name'))]"
            ],
            "properties": {
                "protocol": "*",
                "sourcePortRange": "*",
                "destinationPortRange": "8172",
                "sourceAddressPrefix": "*",
                "destinationAddressPrefix": "*",
                "access": "Allow",
                "priority": 110,
                "direction": "Inbound",
                "sourcePortRanges": [],
                "destinationPortRanges": [],
                "sourceAddressPrefixes": [],
                "destinationAddressPrefixes": []
            }
        },
        {
            "type": "Microsoft.Network/networkSecurityGroups/securityRules",
            "apiVersion": "2024-01-01",
            "name": "[concat(parameters('networkSecurityGroups_basicNsgVnet_Sales_FranceCentral_O3M_nic01_name'), '/AllowAnyRDPInbound')]",
            "dependsOn": [
                "[resourceId('Microsoft.Network/networkSecurityGroups', parameters('networkSecurityGroups_basicNsgVnet_Sales_FranceCentral_O3M_nic01_name'))]"
            ],
            "properties": {
                "protocol": "TCP",
                "sourcePortRange": "*",
                "destinationPortRange": "3389",
                "sourceAddressPrefix": "*",
                "destinationAddressPrefix": "*",
                "access": "Allow",
                "priority": 330,
                "direction": "Inbound",
                "sourcePortRanges": [],
                "destinationPortRanges": [],
                "sourceAddressPrefixes": [],
                "destinationAddressPrefixes": []
            }
        },
        {
            "type": "Microsoft.Network/networkSecurityGroups/securityRules",
            "apiVersion": "2024-01-01",
            "name": "[concat(parameters('networkSecurityGroups_NSG_SalesAPPSN_FranceCentral_O3M_name'), '/AllowAnyRDPInbound')]",
            "dependsOn": [
                "[resourceId('Microsoft.Network/networkSecurityGroups', parameters('networkSecurityGroups_NSG_SalesAPPSN_FranceCentral_O3M_name'))]"
            ],
            "properties": {
                "protocol": "TCP",
                "sourcePortRange": "*",
                "destinationPortRange": "3389",
                "sourceAddressPrefix": "*",
                "destinationAddressPrefix": "*",
                "access": "Allow",
                "priority": 130,
                "direction": "Inbound",
                "sourcePortRanges": [],
                "destinationPortRanges": [],
                "sourceAddressPrefixes": [],
                "destinationAddressPrefixes": []
            }
        },
        {
            "type": "Microsoft.Network/networkSecurityGroups/securityRules",
            "apiVersion": "2024-01-01",
            "name": "[concat(parameters('networkSecurityGroups_NSG_SalesAPPSN_FranceCentral_O3M_name'), '/AllowCidrBlockHTTPInbound')]",
            "dependsOn": [
                "[resourceId('Microsoft.Network/networkSecurityGroups', parameters('networkSecurityGroups_NSG_SalesAPPSN_FranceCentral_O3M_name'))]"
            ],
            "properties": {
                "description": "allow only vpn users to open our system",
                "protocol": "TCP",
                "sourcePortRange": "80",
                "destinationPortRange": "80",
                "sourceAddressPrefix": "172.16.0.0/16",
                "destinationAddressPrefix": "10.20.10.4",
                "access": "Allow",
                "priority": 101,
                "direction": "Inbound",
                "sourcePortRanges": [],
                "destinationPortRanges": [],
                "sourceAddressPrefixes": [],
                "destinationAddressPrefixes": []
            }
        },
        {
            "type": "Microsoft.Network/networkSecurityGroups/securityRules",
            "apiVersion": "2024-01-01",
            "name": "[concat(parameters('networkSecurityGroups_basicNsgVnet_Sales_FranceCentral_O3M_nic01_name'), '/Tcp')]",
            "dependsOn": [
                "[resourceId('Microsoft.Network/networkSecurityGroups', parameters('networkSecurityGroups_basicNsgVnet_Sales_FranceCentral_O3M_nic01_name'))]"
            ],
            "properties": {
                "protocol": "Tcp",
                "sourcePortRange": "*",
                "destinationPortRange": "80",
                "sourceAddressPrefix": "*",
                "destinationAddressPrefix": "*",
                "access": "Allow",
                "priority": 300,
                "direction": "Inbound",
                "sourcePortRanges": [],
                "destinationPortRanges": [],
                "sourceAddressPrefixes": [],
                "destinationAddressPrefixes": []
            }
        },
        {
            "type": "Microsoft.Network/privateDnsZones/A",
            "apiVersion": "2024-06-01",
            "name": "[concat(parameters('privateDnsZones_privatelink_database_windows_net_name'), '/dbsrvsalesapp-francecentralo3m')]",
            "dependsOn": [
                "[resourceId('Microsoft.Network/privateDnsZones', parameters('privateDnsZones_privatelink_database_windows_net_name'))]"
            ],
            "properties": {
                "ttl": 3600,
                "aRecords": [
                    {
                        "ipv4Address": "10.20.10.5"
                    }
                ]
            }
        },
        {
            "type": "Microsoft.Network/privateDnsZones/SOA",
            "apiVersion": "2024-06-01",
            "name": "[concat(parameters('privateDnsZones_privatelink_database_windows_net_name'), '/@')]",
            "dependsOn": [
                "[resourceId('Microsoft.Network/privateDnsZones', parameters('privateDnsZones_privatelink_database_windows_net_name'))]"
            ],
            "properties": {
                "ttl": 3600,
                "soaRecord": {
                    "email": "azureprivatedns-host.microsoft.com",
                    "expireTime": 2419200,
                    "host": "azureprivatedns.net",
                    "minimumTtl": 10,
                    "refreshTime": 3600,
                    "retryTime": 300,
                    "serialNumber": 1
                }
            }
        },
        {
            "type": "Microsoft.Network/routeTables/routes",
            "apiVersion": "2024-01-01",
            "name": "[concat(parameters('routeTables_SALESRT_name'), '/VMSSTOFW')]",
            "dependsOn": [
                "[resourceId('Microsoft.Network/routeTables', parameters('routeTables_SALESRT_name'))]"
            ],
            "properties": {
                "addressPrefix": "0.0.0.0/0",
                "nextHopType": "VirtualAppliance",
                "nextHopIpAddress": "10.30.0.4",
                "hasBgpOverride": false
            }
        },
        {
            "type": "Microsoft.Network/virtualNetworks/subnets",
            "apiVersion": "2024-01-01",
            "name": "[concat(parameters('virtualNetworks_Vnet_Sales_FranceCentral_O3M_name'), '/9ll-lbSubnet')]",
            "dependsOn": [
                "[resourceId('Microsoft.Network/virtualNetworks', parameters('virtualNetworks_Vnet_Sales_FranceCentral_O3M_name'))]"
            ],
            "properties": {
                "addressPrefix": "10.20.0.0/24",
                "delegations": [],
                "privateEndpointNetworkPolicies": "Disabled",
                "privateLinkServiceNetworkPolicies": "Enabled"
            }
        },
        {
            "type": "Microsoft.Network/virtualNetworks/virtualNetworkPeerings",
            "apiVersion": "2024-01-01",
            "name": "[concat(parameters('virtualNetworks_Vnet_Sales_FranceCentral_O3M_name'), '/SHAREDSERVICESTOSALES')]",
            "dependsOn": [
                "[resourceId('Microsoft.Network/virtualNetworks', parameters('virtualNetworks_Vnet_Sales_FranceCentral_O3M_name'))]"
            ],
            "properties": {
                "peeringState": "Connected",
                "peeringSyncLevel": "FullyInSync",
                "remoteVirtualNetwork": {
                    "id": "[parameters('virtualNetworks_Vnet_Sharedservices_FranceCentral_O3M_externalid')]"
                },
                "allowVirtualNetworkAccess": true,
                "allowForwardedTraffic": true,
                "allowGatewayTransit": true,
                "useRemoteGateways": false,
                "doNotVerifyRemoteGateways": false,
                "peerCompleteVnets": true,
                "remoteAddressSpace": {
                    "addressPrefixes": [
                        "10.30.0.0/24"
                    ]
                },
                "remoteVirtualNetworkAddressSpace": {
                    "addressPrefixes": [
                        "10.30.0.0/24"
                    ]
                }
            }
        },
        {
            "type": "Microsoft.Sql/servers/advancedThreatProtectionSettings",
            "apiVersion": "2023-08-01-preview",
            "name": "[concat(parameters('servers_dbsrvsalesapp_francecentralo3m_name'), '/Default')]",
            "dependsOn": [
                "[resourceId('Microsoft.Sql/servers', parameters('servers_dbsrvsalesapp_francecentralo3m_name'))]"
            ],
            "properties": {
                "state": "Disabled"
            }
        },
        {
            "type": "Microsoft.Sql/servers/advisors",
            "apiVersion": "2014-04-01",
            "name": "[concat(parameters('servers_dbsrvsalesapp_francecentralo3m_name'), '/CreateIndex')]",
            "dependsOn": [
                "[resourceId('Microsoft.Sql/servers', parameters('servers_dbsrvsalesapp_francecentralo3m_name'))]"
            ],
            "properties": {
                "autoExecuteValue": "Disabled"
            }
        },
        {
            "type": "Microsoft.Sql/servers/advisors",
            "apiVersion": "2014-04-01",
            "name": "[concat(parameters('servers_dbsrvsalesapp_francecentralo3m_name'), '/DbParameterization')]",
            "dependsOn": [
                "[resourceId('Microsoft.Sql/servers', parameters('servers_dbsrvsalesapp_francecentralo3m_name'))]"
            ],
            "properties": {
                "autoExecuteValue": "Disabled"
            }
        },
        {
            "type": "Microsoft.Sql/servers/advisors",
            "apiVersion": "2014-04-01",
            "name": "[concat(parameters('servers_dbsrvsalesapp_francecentralo3m_name'), '/DefragmentIndex')]",
            "dependsOn": [
                "[resourceId('Microsoft.Sql/servers', parameters('servers_dbsrvsalesapp_francecentralo3m_name'))]"
            ],
            "properties": {
                "autoExecuteValue": "Disabled"
            }
        },
        {
            "type": "Microsoft.Sql/servers/advisors",
            "apiVersion": "2014-04-01",
            "name": "[concat(parameters('servers_dbsrvsalesapp_francecentralo3m_name'), '/DropIndex')]",
            "dependsOn": [
                "[resourceId('Microsoft.Sql/servers', parameters('servers_dbsrvsalesapp_francecentralo3m_name'))]"
            ],
            "properties": {
                "autoExecuteValue": "Disabled"
            }
        },
        {
            "type": "Microsoft.Sql/servers/advisors",
            "apiVersion": "2014-04-01",
            "name": "[concat(parameters('servers_dbsrvsalesapp_francecentralo3m_name'), '/ForceLastGoodPlan')]",
            "dependsOn": [
                "[resourceId('Microsoft.Sql/servers', parameters('servers_dbsrvsalesapp_francecentralo3m_name'))]"
            ],
            "properties": {
                "autoExecuteValue": "Enabled"
            }
        },
        {
            "type": "Microsoft.Sql/servers/auditingPolicies",
            "apiVersion": "2014-04-01",
            "name": "[concat(parameters('servers_dbsrvsalesapp_francecentralo3m_name'), '/Default')]",
            "location": "France Central",
            "dependsOn": [
                "[resourceId('Microsoft.Sql/servers', parameters('servers_dbsrvsalesapp_francecentralo3m_name'))]"
            ],
            "properties": {
                "auditingState": "Disabled"
            }
        },
        {
            "type": "Microsoft.Sql/servers/auditingSettings",
            "apiVersion": "2023-08-01-preview",
            "name": "[concat(parameters('servers_dbsrvsalesapp_francecentralo3m_name'), '/Default')]",
            "dependsOn": [
                "[resourceId('Microsoft.Sql/servers', parameters('servers_dbsrvsalesapp_francecentralo3m_name'))]"
            ],
            "properties": {
                "retentionDays": 0,
                "auditActionsAndGroups": [],
                "isStorageSecondaryKeyInUse": false,
                "isAzureMonitorTargetEnabled": false,
                "isManagedIdentityInUse": false,
                "state": "Disabled",
                "storageAccountSubscriptionId": "00000000-0000-0000-0000-000000000000"
            }
        },
        {
            "type": "Microsoft.Sql/servers/connectionPolicies",
            "apiVersion": "2023-08-01-preview",
            "name": "[concat(parameters('servers_dbsrvsalesapp_francecentralo3m_name'), '/default')]",
            "location": "francecentral",
            "dependsOn": [
                "[resourceId('Microsoft.Sql/servers', parameters('servers_dbsrvsalesapp_francecentralo3m_name'))]"
            ],
            "properties": {
                "connectionType": "Default"
            }
        },
        {
            "type": "Microsoft.Sql/servers/databases",
            "apiVersion": "2023-08-01-preview",
            "name": "[concat(parameters('servers_dbsrvsalesapp_francecentralo3m_name'), '/SampleDB')]",
            "location": "francecentral",
            "dependsOn": [
                "[resourceId('Microsoft.Sql/servers', parameters('servers_dbsrvsalesapp_francecentralo3m_name'))]"
            ],
            "tags": {
                "Department": "Sales",
                "Type": "DB"
            },
            "sku": {
                "name": "GP_S_Gen5",
                "tier": "GeneralPurpose",
                "family": "Gen5",
                "capacity": 1
            },
            "kind": "v12.0,user,vcore,serverless",
            "properties": {
                "collation": "SQL_Latin1_General_CP1_CI_AS",
                "maxSizeBytes": 34359738368,
                "catalogCollation": "SQL_Latin1_General_CP1_CI_AS",
                "zoneRedundant": false,
                "readScale": "Disabled",
                "autoPauseDelay": 60,
                "requestedBackupStorageRedundancy": "Local",
                "minCapacity": 0.5,
                "maintenanceConfigurationId": "/subscriptions/9f1175b8-7059-4b6a-8c09-43032c79d56c/providers/Microsoft.Maintenance/publicMaintenanceConfigurations/SQL_Default",
                "isLedgerOn": false,
                "availabilityZone": "NoPreference"
            }
        },
        {
            "type": "Microsoft.Sql/servers/databases/advancedThreatProtectionSettings",
            "apiVersion": "2023-08-01-preview",
            "name": "[concat(parameters('servers_dbsrvsalesapp_francecentralo3m_name'), '/master/Default')]",
            "dependsOn": [
                "[resourceId('Microsoft.Sql/servers', parameters('servers_dbsrvsalesapp_francecentralo3m_name'))]"
            ],
            "properties": {
                "state": "Disabled"
            }
        },
        {
            "type": "Microsoft.Sql/servers/databases/auditingPolicies",
            "apiVersion": "2014-04-01",
            "name": "[concat(parameters('servers_dbsrvsalesapp_francecentralo3m_name'), '/master/Default')]",
            "location": "France Central",
            "dependsOn": [
                "[resourceId('Microsoft.Sql/servers', parameters('servers_dbsrvsalesapp_francecentralo3m_name'))]"
            ],
            "properties": {
                "auditingState": "Disabled"
            }
        },
        {
            "type": "Microsoft.Sql/servers/databases/auditingSettings",
            "apiVersion": "2023-08-01-preview",
            "name": "[concat(parameters('servers_dbsrvsalesapp_francecentralo3m_name'), '/master/Default')]",
            "dependsOn": [
                "[resourceId('Microsoft.Sql/servers', parameters('servers_dbsrvsalesapp_francecentralo3m_name'))]"
            ],
            "properties": {
                "retentionDays": 0,
                "isAzureMonitorTargetEnabled": false,
                "state": "Disabled",
                "storageAccountSubscriptionId": "00000000-0000-0000-0000-000000000000"
            }
        },
        {
            "type": "Microsoft.Sql/servers/databases/extendedAuditingSettings",
            "apiVersion": "2023-08-01-preview",
            "name": "[concat(parameters('servers_dbsrvsalesapp_francecentralo3m_name'), '/master/Default')]",
            "dependsOn": [
                "[resourceId('Microsoft.Sql/servers', parameters('servers_dbsrvsalesapp_francecentralo3m_name'))]"
            ],
            "properties": {
                "retentionDays": 0,
                "isAzureMonitorTargetEnabled": false,
                "state": "Disabled",
                "storageAccountSubscriptionId": "00000000-0000-0000-0000-000000000000"
            }
        },
        {
            "type": "Microsoft.Sql/servers/databases/geoBackupPolicies",
            "apiVersion": "2023-08-01-preview",
            "name": "[concat(parameters('servers_dbsrvsalesapp_francecentralo3m_name'), '/master/Default')]",
            "dependsOn": [
                "[resourceId('Microsoft.Sql/servers', parameters('servers_dbsrvsalesapp_francecentralo3m_name'))]"
            ],
            "properties": {
                "state": "Disabled"
            }
        },
        {
            "type": "Microsoft.Sql/servers/databases/ledgerDigestUploads",
            "apiVersion": "2023-08-01-preview",
            "name": "[concat(parameters('servers_dbsrvsalesapp_francecentralo3m_name'), '/master/Current')]",
            "dependsOn": [
                "[resourceId('Microsoft.Sql/servers', parameters('servers_dbsrvsalesapp_francecentralo3m_name'))]"
            ],
            "properties": {}
        },
        {
            "type": "Microsoft.Sql/servers/databases/securityAlertPolicies",
            "apiVersion": "2023-08-01-preview",
            "name": "[concat(parameters('servers_dbsrvsalesapp_francecentralo3m_name'), '/master/Default')]",
            "dependsOn": [
                "[resourceId('Microsoft.Sql/servers', parameters('servers_dbsrvsalesapp_francecentralo3m_name'))]"
            ],
            "properties": {
                "state": "Disabled",
                "disabledAlerts": [
                    ""
                ],
                "emailAddresses": [
                    ""
                ],
                "emailAccountAdmins": false,
                "retentionDays": 0
            }
        },
        {
            "type": "Microsoft.Sql/servers/databases/transparentDataEncryption",
            "apiVersion": "2023-08-01-preview",
            "name": "[concat(parameters('servers_dbsrvsalesapp_francecentralo3m_name'), '/master/Current')]",
            "dependsOn": [
                "[resourceId('Microsoft.Sql/servers', parameters('servers_dbsrvsalesapp_francecentralo3m_name'))]"
            ],
            "properties": {
                "state": "Disabled"
            }
        },
        {
            "type": "Microsoft.Sql/servers/databases/vulnerabilityAssessments",
            "apiVersion": "2023-08-01-preview",
            "name": "[concat(parameters('servers_dbsrvsalesapp_francecentralo3m_name'), '/master/Default')]",
            "dependsOn": [
                "[resourceId('Microsoft.Sql/servers', parameters('servers_dbsrvsalesapp_francecentralo3m_name'))]"
            ],
            "properties": {
                "recurringScans": {
                    "isEnabled": false,
                    "emailSubscriptionAdmins": true
                }
            }
        },
        {
            "type": "Microsoft.Sql/servers/devOpsAuditingSettings",
            "apiVersion": "2023-08-01-preview",
            "name": "[concat(parameters('servers_dbsrvsalesapp_francecentralo3m_name'), '/Default')]",
            "dependsOn": [
                "[resourceId('Microsoft.Sql/servers', parameters('servers_dbsrvsalesapp_francecentralo3m_name'))]"
            ],
            "properties": {
                "isAzureMonitorTargetEnabled": false,
                "isManagedIdentityInUse": false,
                "state": "Disabled",
                "storageAccountSubscriptionId": "00000000-0000-0000-0000-000000000000"
            }
        },
        {
            "type": "Microsoft.Sql/servers/encryptionProtector",
            "apiVersion": "2023-08-01-preview",
            "name": "[concat(parameters('servers_dbsrvsalesapp_francecentralo3m_name'), '/current')]",
            "dependsOn": [
                "[resourceId('Microsoft.Sql/servers', parameters('servers_dbsrvsalesapp_francecentralo3m_name'))]"
            ],
            "kind": "servicemanaged",
            "properties": {
                "serverKeyName": "ServiceManaged",
                "serverKeyType": "ServiceManaged",
                "autoRotationEnabled": false
            }
        },
        {
            "type": "Microsoft.Sql/servers/extendedAuditingSettings",
            "apiVersion": "2023-08-01-preview",
            "name": "[concat(parameters('servers_dbsrvsalesapp_francecentralo3m_name'), '/Default')]",
            "dependsOn": [
                "[resourceId('Microsoft.Sql/servers', parameters('servers_dbsrvsalesapp_francecentralo3m_name'))]"
            ],
            "properties": {
                "retentionDays": 0,
                "auditActionsAndGroups": [],
                "isStorageSecondaryKeyInUse": false,
                "isAzureMonitorTargetEnabled": false,
                "isManagedIdentityInUse": false,
                "state": "Disabled",
                "storageAccountSubscriptionId": "00000000-0000-0000-0000-000000000000"
            }
        },
        {
            "type": "Microsoft.Sql/servers/firewallRules",
            "apiVersion": "2023-08-01-preview",
            "name": "[concat(parameters('servers_dbsrvsalesapp_francecentralo3m_name'), '/AllowAllWindowsAzureIps')]",
            "dependsOn": [
                "[resourceId('Microsoft.Sql/servers', parameters('servers_dbsrvsalesapp_francecentralo3m_name'))]"
            ],
            "properties": {
                "startIpAddress": "0.0.0.0",
                "endIpAddress": "0.0.0.0"
            }
        },
        {
            "type": "Microsoft.Sql/servers/firewallRules",
            "apiVersion": "2023-08-01-preview",
            "name": "[concat(parameters('servers_dbsrvsalesapp_francecentralo3m_name'), '/ClientIPAddress_2024-9-20_19-58-26')]",
            "dependsOn": [
                "[resourceId('Microsoft.Sql/servers', parameters('servers_dbsrvsalesapp_francecentralo3m_name'))]"
            ],
            "properties": {
                "startIpAddress": "156.208.4.166",
                "endIpAddress": "156.208.4.166"
            }
        },
        {
            "type": "Microsoft.Sql/servers/firewallRules",
            "apiVersion": "2023-08-01-preview",
            "name": "[concat(parameters('servers_dbsrvsalesapp_francecentralo3m_name'), '/ClientIPAddress_2024-9-20_23-27-46')]",
            "dependsOn": [
                "[resourceId('Microsoft.Sql/servers', parameters('servers_dbsrvsalesapp_francecentralo3m_name'))]"
            ],
            "properties": {
                "startIpAddress": "45.243.119.32",
                "endIpAddress": "45.243.119.32"
            }
        },
        {
            "type": "Microsoft.Sql/servers/keys",
            "apiVersion": "2023-08-01-preview",
            "name": "[concat(parameters('servers_dbsrvsalesapp_francecentralo3m_name'), '/ServiceManaged')]",
            "dependsOn": [
                "[resourceId('Microsoft.Sql/servers', parameters('servers_dbsrvsalesapp_francecentralo3m_name'))]"
            ],
            "kind": "servicemanaged",
            "properties": {
                "serverKeyType": "ServiceManaged"
            }
        },
        {
            "type": "Microsoft.Sql/servers/securityAlertPolicies",
            "apiVersion": "2023-08-01-preview",
            "name": "[concat(parameters('servers_dbsrvsalesapp_francecentralo3m_name'), '/Default')]",
            "dependsOn": [
                "[resourceId('Microsoft.Sql/servers', parameters('servers_dbsrvsalesapp_francecentralo3m_name'))]"
            ],
            "properties": {
                "state": "Disabled",
                "disabledAlerts": [
                    ""
                ],
                "emailAddresses": [
                    ""
                ],
                "emailAccountAdmins": false,
                "retentionDays": 0
            }
        },
        {
            "type": "Microsoft.Sql/servers/sqlVulnerabilityAssessments",
            "apiVersion": "2023-08-01-preview",
            "name": "[concat(parameters('servers_dbsrvsalesapp_francecentralo3m_name'), '/Default')]",
            "dependsOn": [
                "[resourceId('Microsoft.Sql/servers', parameters('servers_dbsrvsalesapp_francecentralo3m_name'))]"
            ],
            "properties": {
                "state": "Disabled"
            }
        },
        {
            "type": "Microsoft.Sql/servers/vulnerabilityAssessments",
            "apiVersion": "2023-08-01-preview",
            "name": "[concat(parameters('servers_dbsrvsalesapp_francecentralo3m_name'), '/Default')]",
            "dependsOn": [
                "[resourceId('Microsoft.Sql/servers', parameters('servers_dbsrvsalesapp_francecentralo3m_name'))]"
            ],
            "properties": {
                "recurringScans": {
                    "isEnabled": false,
                    "emailSubscriptionAdmins": true
                },
                "storageContainerPath": "[parameters('vulnerabilityAssessments_Default_storageContainerPath')]"
            }
        },
        {
            "type": "Microsoft.Network/privateDnsZones/virtualNetworkLinks",
            "apiVersion": "2024-06-01",
            "name": "[concat(parameters('privateDnsZones_privatelink_database_windows_net_name'), '/emjzopmbcwlus')]",
            "location": "global",
            "dependsOn": [
                "[resourceId('Microsoft.Network/privateDnsZones', parameters('privateDnsZones_privatelink_database_windows_net_name'))]",
                "[resourceId('Microsoft.Network/virtualNetworks', parameters('virtualNetworks_Vnet_Sales_FranceCentral_O3M_name'))]"
            ],
            "properties": {
                "registrationEnabled": false,
                "resolutionPolicy": "Default",
                "virtualNetwork": {
                    "id": "[resourceId('Microsoft.Network/virtualNetworks', parameters('virtualNetworks_Vnet_Sales_FranceCentral_O3M_name'))]"
                }
            }
        },
        {
            "type": "Microsoft.Network/privateEndpoints",
            "apiVersion": "2024-01-01",
            "name": "[parameters('privateEndpoints_PE_SalesDB_FranceCentral_name')]",
            "location": "francecentral",
            "dependsOn": [
                "[resourceId('Microsoft.Sql/servers', parameters('servers_dbsrvsalesapp_francecentralo3m_name'))]",
                "[resourceId('Microsoft.Network/virtualNetworks/subnets', parameters('virtualNetworks_Vnet_Sales_FranceCentral_O3M_name'), 'SN-Sales-FranceCentral-O3M')]"
            ],
            "properties": {
                "privateLinkServiceConnections": [
                    {
                        "name": "[parameters('privateEndpoints_PE_SalesDB_FranceCentral_name')]",
                        "id": "[concat(resourceId('Microsoft.Network/privateEndpoints', parameters('privateEndpoints_PE_SalesDB_FranceCentral_name')), concat('/privateLinkServiceConnections/', parameters('privateEndpoints_PE_SalesDB_FranceCentral_name')))]",
                        "properties": {
                            "privateLinkServiceId": "[resourceId('Microsoft.Sql/servers', parameters('servers_dbsrvsalesapp_francecentralo3m_name'))]",
                            "groupIds": [
                                "SqlServer"
                            ],
                            "privateLinkServiceConnectionState": {
                                "status": "Approved",
                                "description": "Auto-approved",
                                "actionsRequired": "None"
                            }
                        }
                    }
                ],
                "manualPrivateLinkServiceConnections": [],
                "subnet": {
                    "id": "[resourceId('Microsoft.Network/virtualNetworks/subnets', parameters('virtualNetworks_Vnet_Sales_FranceCentral_O3M_name'), 'SN-Sales-FranceCentral-O3M')]"
                },
                "ipConfigurations": [],
                "customDnsConfigs": [
                    {
                        "fqdn": "dbsrvsalesapp-francecentralo3m.database.windows.net",
                        "ipAddresses": [
                            "10.20.10.5"
                        ]
                    }
                ]
            }
        },
        {
            "type": "Microsoft.Network/virtualNetworks",
            "apiVersion": "2024-01-01",
            "name": "[parameters('virtualNetworks_Vnet_Sales_FranceCentral_O3M_name')]",
            "location": "francecentral",
            "dependsOn": [
                "[resourceId('Microsoft.Network/networkSecurityGroups', parameters('networkSecurityGroups_NSG_SalesAPPSN_FranceCentral_O3M_name'))]",
                "[resourceId('Microsoft.Network/routeTables', parameters('routeTables_SALESRT_name'))]"
            ],
            "tags": {
                "Department": "Sales",
                "Type": "Vnet"
            },
            "properties": {
                "addressSpace": {
                    "addressPrefixes": [
                        "10.20.0.0/16"
                    ]
                },
                "encryption": {
                    "enabled": false,
                    "enforcement": "AllowUnencrypted"
                },
                "subnets": [
                    {
                        "name": "9ll-lbSubnet",
                        "id": "[resourceId('Microsoft.Network/virtualNetworks/subnets', parameters('virtualNetworks_Vnet_Sales_FranceCentral_O3M_name'), '9ll-lbSubnet')]",
                        "properties": {
                            "addressPrefix": "10.20.0.0/24",
                            "delegations": [],
                            "privateEndpointNetworkPolicies": "Disabled",
                            "privateLinkServiceNetworkPolicies": "Enabled"
                        },
                        "type": "Microsoft.Network/virtualNetworks/subnets"
                    },
                    {
                        "name": "SN-Sales-FranceCentral-O3M",
                        "id": "[resourceId('Microsoft.Network/virtualNetworks/subnets', parameters('virtualNetworks_Vnet_Sales_FranceCentral_O3M_name'), 'SN-Sales-FranceCentral-O3M')]",
                        "properties": {
                            "addressPrefixes": [
                                "10.20.10.0/24"
                            ],
                            "networkSecurityGroup": {
                                "id": "[resourceId('Microsoft.Network/networkSecurityGroups', parameters('networkSecurityGroups_NSG_SalesAPPSN_FranceCentral_O3M_name'))]"
                            },
                            "routeTable": {
                                "id": "[resourceId('Microsoft.Network/routeTables', parameters('routeTables_SALESRT_name'))]"
                            },
                            "delegations": [],
                            "privateEndpointNetworkPolicies": "Disabled",
                            "privateLinkServiceNetworkPolicies": "Enabled"
                        },
                        "type": "Microsoft.Network/virtualNetworks/subnets"
                    }
                ],
                "virtualNetworkPeerings": [
                    {
                        "name": "SHAREDSERVICESTOSALES",
                        "id": "[resourceId('Microsoft.Network/virtualNetworks/virtualNetworkPeerings', parameters('virtualNetworks_Vnet_Sales_FranceCentral_O3M_name'), 'SHAREDSERVICESTOSALES')]",
                        "properties": {
                            "peeringState": "Connected",
                            "peeringSyncLevel": "FullyInSync",
                            "remoteVirtualNetwork": {
                                "id": "[parameters('virtualNetworks_Vnet_Sharedservices_FranceCentral_O3M_externalid')]"
                            },
                            "allowVirtualNetworkAccess": true,
                            "allowForwardedTraffic": true,
                            "allowGatewayTransit": true,
                            "useRemoteGateways": false,
                            "doNotVerifyRemoteGateways": false,
                            "peerCompleteVnets": true,
                            "remoteAddressSpace": {
                                "addressPrefixes": [
                                    "10.30.0.0/24"
                                ]
                            },
                            "remoteVirtualNetworkAddressSpace": {
                                "addressPrefixes": [
                                    "10.30.0.0/24"
                                ]
                            }
                        },
                        "type": "Microsoft.Network/virtualNetworks/virtualNetworkPeerings"
                    }
                ],
                "enableDdosProtection": false
            }
        },
        {
            "type": "Microsoft.Sql/servers/databases/advancedThreatProtectionSettings",
            "apiVersion": "2023-08-01-preview",
            "name": "[concat(parameters('servers_dbsrvsalesapp_francecentralo3m_name'), '/SampleDB/Default')]",
            "dependsOn": [
                "[resourceId('Microsoft.Sql/servers/databases', parameters('servers_dbsrvsalesapp_francecentralo3m_name'), 'SampleDB')]",
                "[resourceId('Microsoft.Sql/servers', parameters('servers_dbsrvsalesapp_francecentralo3m_name'))]"
            ],
            "properties": {
                "state": "Disabled"
            }
        },
        {
            "type": "Microsoft.Sql/servers/databases/advisors",
            "apiVersion": "2014-04-01",
            "name": "[concat(parameters('servers_dbsrvsalesapp_francecentralo3m_name'), '/SampleDB/CreateIndex')]",
            "dependsOn": [
                "[resourceId('Microsoft.Sql/servers/databases', parameters('servers_dbsrvsalesapp_francecentralo3m_name'), 'SampleDB')]",
                "[resourceId('Microsoft.Sql/servers', parameters('servers_dbsrvsalesapp_francecentralo3m_name'))]"
            ],
            "properties": {
                "autoExecuteValue": "Disabled"
            }
        },
        {
            "type": "Microsoft.Sql/servers/databases/advisors",
            "apiVersion": "2014-04-01",
            "name": "[concat(parameters('servers_dbsrvsalesapp_francecentralo3m_name'), '/SampleDB/DbParameterization')]",
            "dependsOn": [
                "[resourceId('Microsoft.Sql/servers/databases', parameters('servers_dbsrvsalesapp_francecentralo3m_name'), 'SampleDB')]",
                "[resourceId('Microsoft.Sql/servers', parameters('servers_dbsrvsalesapp_francecentralo3m_name'))]"
            ],
            "properties": {
                "autoExecuteValue": "Disabled"
            }
        },
        {
            "type": "Microsoft.Sql/servers/databases/advisors",
            "apiVersion": "2014-04-01",
            "name": "[concat(parameters('servers_dbsrvsalesapp_francecentralo3m_name'), '/SampleDB/DefragmentIndex')]",
            "dependsOn": [
                "[resourceId('Microsoft.Sql/servers/databases', parameters('servers_dbsrvsalesapp_francecentralo3m_name'), 'SampleDB')]",
                "[resourceId('Microsoft.Sql/servers', parameters('servers_dbsrvsalesapp_francecentralo3m_name'))]"
            ],
            "properties": {
                "autoExecuteValue": "Disabled"
            }
        },
        {
            "type": "Microsoft.Sql/servers/databases/advisors",
            "apiVersion": "2014-04-01",
            "name": "[concat(parameters('servers_dbsrvsalesapp_francecentralo3m_name'), '/SampleDB/DropIndex')]",
            "dependsOn": [
                "[resourceId('Microsoft.Sql/servers/databases', parameters('servers_dbsrvsalesapp_francecentralo3m_name'), 'SampleDB')]",
                "[resourceId('Microsoft.Sql/servers', parameters('servers_dbsrvsalesapp_francecentralo3m_name'))]"
            ],
            "properties": {
                "autoExecuteValue": "Disabled"
            }
        },
        {
            "type": "Microsoft.Sql/servers/databases/advisors",
            "apiVersion": "2014-04-01",
            "name": "[concat(parameters('servers_dbsrvsalesapp_francecentralo3m_name'), '/SampleDB/ForceLastGoodPlan')]",
            "dependsOn": [
                "[resourceId('Microsoft.Sql/servers/databases', parameters('servers_dbsrvsalesapp_francecentralo3m_name'), 'SampleDB')]",
                "[resourceId('Microsoft.Sql/servers', parameters('servers_dbsrvsalesapp_francecentralo3m_name'))]"
            ],
            "properties": {
                "autoExecuteValue": "Enabled"
            }
        },
        {
            "type": "Microsoft.Sql/servers/databases/auditingPolicies",
            "apiVersion": "2014-04-01",
            "name": "[concat(parameters('servers_dbsrvsalesapp_francecentralo3m_name'), '/SampleDB/Default')]",
            "location": "France Central",
            "dependsOn": [
                "[resourceId('Microsoft.Sql/servers/databases', parameters('servers_dbsrvsalesapp_francecentralo3m_name'), 'SampleDB')]",
                "[resourceId('Microsoft.Sql/servers', parameters('servers_dbsrvsalesapp_francecentralo3m_name'))]"
            ],
            "properties": {
                "auditingState": "Disabled"
            }
        },
        {
            "type": "Microsoft.Sql/servers/databases/auditingSettings",
            "apiVersion": "2023-08-01-preview",
            "name": "[concat(parameters('servers_dbsrvsalesapp_francecentralo3m_name'), '/SampleDB/Default')]",
            "dependsOn": [
                "[resourceId('Microsoft.Sql/servers/databases', parameters('servers_dbsrvsalesapp_francecentralo3m_name'), 'SampleDB')]",
                "[resourceId('Microsoft.Sql/servers', parameters('servers_dbsrvsalesapp_francecentralo3m_name'))]"
            ],
            "properties": {
                "retentionDays": 0,
                "isAzureMonitorTargetEnabled": false,
                "state": "Disabled",
                "storageAccountSubscriptionId": "00000000-0000-0000-0000-000000000000"
            }
        },
        {
            "type": "Microsoft.Sql/servers/databases/backupLongTermRetentionPolicies",
            "apiVersion": "2023-08-01-preview",
            "name": "[concat(parameters('servers_dbsrvsalesapp_francecentralo3m_name'), '/SampleDB/default')]",
            "dependsOn": [
                "[resourceId('Microsoft.Sql/servers/databases', parameters('servers_dbsrvsalesapp_francecentralo3m_name'), 'SampleDB')]",
                "[resourceId('Microsoft.Sql/servers', parameters('servers_dbsrvsalesapp_francecentralo3m_name'))]"
            ],
            "properties": {
                "weeklyRetention": "PT0S",
                "monthlyRetention": "PT0S",
                "yearlyRetention": "PT0S",
                "weekOfYear": 0
            }
        },
        {
            "type": "Microsoft.Sql/servers/databases/backupShortTermRetentionPolicies",
            "apiVersion": "2023-08-01-preview",
            "name": "[concat(parameters('servers_dbsrvsalesapp_francecentralo3m_name'), '/SampleDB/default')]",
            "dependsOn": [
                "[resourceId('Microsoft.Sql/servers/databases', parameters('servers_dbsrvsalesapp_francecentralo3m_name'), 'SampleDB')]",
                "[resourceId('Microsoft.Sql/servers', parameters('servers_dbsrvsalesapp_francecentralo3m_name'))]"
            ],
            "properties": {
                "retentionDays": 7,
                "diffBackupIntervalInHours": 12
            }
        },
        {
            "type": "Microsoft.Sql/servers/databases/extendedAuditingSettings",
            "apiVersion": "2023-08-01-preview",
            "name": "[concat(parameters('servers_dbsrvsalesapp_francecentralo3m_name'), '/SampleDB/Default')]",
            "dependsOn": [
                "[resourceId('Microsoft.Sql/servers/databases', parameters('servers_dbsrvsalesapp_francecentralo3m_name'), 'SampleDB')]",
                "[resourceId('Microsoft.Sql/servers', parameters('servers_dbsrvsalesapp_francecentralo3m_name'))]"
            ],
            "properties": {
                "retentionDays": 0,
                "isAzureMonitorTargetEnabled": false,
                "state": "Disabled",
                "storageAccountSubscriptionId": "00000000-0000-0000-0000-000000000000"
            }
        },
        {
            "type": "Microsoft.Sql/servers/databases/geoBackupPolicies",
            "apiVersion": "2023-08-01-preview",
            "name": "[concat(parameters('servers_dbsrvsalesapp_francecentralo3m_name'), '/SampleDB/Default')]",
            "dependsOn": [
                "[resourceId('Microsoft.Sql/servers/databases', parameters('servers_dbsrvsalesapp_francecentralo3m_name'), 'SampleDB')]",
                "[resourceId('Microsoft.Sql/servers', parameters('servers_dbsrvsalesapp_francecentralo3m_name'))]"
            ],
            "properties": {
                "state": "Disabled"
            }
        },
        {
            "type": "Microsoft.Sql/servers/databases/ledgerDigestUploads",
            "apiVersion": "2023-08-01-preview",
            "name": "[concat(parameters('servers_dbsrvsalesapp_francecentralo3m_name'), '/SampleDB/Current')]",
            "dependsOn": [
                "[resourceId('Microsoft.Sql/servers/databases', parameters('servers_dbsrvsalesapp_francecentralo3m_name'), 'SampleDB')]",
                "[resourceId('Microsoft.Sql/servers', parameters('servers_dbsrvsalesapp_francecentralo3m_name'))]"
            ],
            "properties": {}
        },
        {
            "type": "Microsoft.Sql/servers/databases/securityAlertPolicies",
            "apiVersion": "2023-08-01-preview",
            "name": "[concat(parameters('servers_dbsrvsalesapp_francecentralo3m_name'), '/SampleDB/Default')]",
            "dependsOn": [
                "[resourceId('Microsoft.Sql/servers/databases', parameters('servers_dbsrvsalesapp_francecentralo3m_name'), 'SampleDB')]",
                "[resourceId('Microsoft.Sql/servers', parameters('servers_dbsrvsalesapp_francecentralo3m_name'))]"
            ],
            "properties": {
                "state": "Disabled",
                "disabledAlerts": [
                    ""
                ],
                "emailAddresses": [
                    ""
                ],
                "emailAccountAdmins": false,
                "retentionDays": 0
            }
        },
        {
            "type": "Microsoft.Sql/servers/databases/transparentDataEncryption",
            "apiVersion": "2023-08-01-preview",
            "name": "[concat(parameters('servers_dbsrvsalesapp_francecentralo3m_name'), '/SampleDB/Current')]",
            "dependsOn": [
                "[resourceId('Microsoft.Sql/servers/databases', parameters('servers_dbsrvsalesapp_francecentralo3m_name'), 'SampleDB')]",
                "[resourceId('Microsoft.Sql/servers', parameters('servers_dbsrvsalesapp_francecentralo3m_name'))]"
            ],
            "properties": {
                "state": "Enabled"
            }
        },
        {
            "type": "Microsoft.Sql/servers/databases/vulnerabilityAssessments",
            "apiVersion": "2023-08-01-preview",
            "name": "[concat(parameters('servers_dbsrvsalesapp_francecentralo3m_name'), '/SampleDB/Default')]",
            "dependsOn": [
                "[resourceId('Microsoft.Sql/servers/databases', parameters('servers_dbsrvsalesapp_francecentralo3m_name'), 'SampleDB')]",
                "[resourceId('Microsoft.Sql/servers', parameters('servers_dbsrvsalesapp_francecentralo3m_name'))]"
            ],
            "properties": {
                "recurringScans": {
                    "isEnabled": false,
                    "emailSubscriptionAdmins": true
                }
            }
        },
        {
            "type": "Microsoft.Sql/servers/privateEndpointConnections",
            "apiVersion": "2023-08-01-preview",
            "name": "[concat(parameters('servers_dbsrvsalesapp_francecentralo3m_name'), '/PE-SalesDB-FranceCentral-f3037ff1-ad44-480a-9255-bd1b697c8308')]",
            "dependsOn": [
                "[resourceId('Microsoft.Sql/servers', parameters('servers_dbsrvsalesapp_francecentralo3m_name'))]",
                "[resourceId('Microsoft.Network/privateEndpoints', parameters('privateEndpoints_PE_SalesDB_FranceCentral_name'))]"
            ],
            "properties": {
                "privateEndpoint": {
                    "id": "[resourceId('Microsoft.Network/privateEndpoints', parameters('privateEndpoints_PE_SalesDB_FranceCentral_name'))]"
                },
                "privateLinkServiceConnectionState": {
                    "status": "Approved",
                    "description": "Auto-approved"
                }
            }
        },
        {
            "type": "Microsoft.Network/virtualNetworks/subnets",
            "apiVersion": "2024-01-01",
            "name": "[concat(parameters('virtualNetworks_Vnet_Sales_FranceCentral_O3M_name'), '/SN-Sales-FranceCentral-O3M')]",
            "dependsOn": [
                "[resourceId('Microsoft.Network/virtualNetworks', parameters('virtualNetworks_Vnet_Sales_FranceCentral_O3M_name'))]",
                "[resourceId('Microsoft.Network/networkSecurityGroups', parameters('networkSecurityGroups_NSG_SalesAPPSN_FranceCentral_O3M_name'))]",
                "[resourceId('Microsoft.Network/routeTables', parameters('routeTables_SALESRT_name'))]"
            ],
            "properties": {
                "addressPrefixes": [
                    "10.20.10.0/24"
                ],
                "networkSecurityGroup": {
                    "id": "[resourceId('Microsoft.Network/networkSecurityGroups', parameters('networkSecurityGroups_NSG_SalesAPPSN_FranceCentral_O3M_name'))]"
                },
                "routeTable": {
                    "id": "[resourceId('Microsoft.Network/routeTables', parameters('routeTables_SALESRT_name'))]"
                },
                "delegations": [],
                "privateEndpointNetworkPolicies": "Disabled",
                "privateLinkServiceNetworkPolicies": "Enabled"
            }
        },
        {
            "type": "Microsoft.Compute/virtualMachineScaleSets",
            "apiVersion": "2024-07-01",
            "name": "[parameters('virtualMachineScaleSets_VMSS_SalesAPP_FranceCentral_O3M_name')]",
            "location": "francecentral",
            "dependsOn": [
                "[resourceId('Microsoft.Network/networkSecurityGroups', parameters('networkSecurityGroups_basicNsgVnet_Sales_FranceCentral_O3M_nic01_name'))]",
                "[resourceId('Microsoft.Network/virtualNetworks/subnets', parameters('virtualNetworks_Vnet_Sales_FranceCentral_O3M_name'), 'SN-Sales-FranceCentral-O3M')]",
                "[resourceId('Microsoft.Network/loadBalancers/backendAddressPools', parameters('loadBalancers_LB_SalesApp_FranceCentral_O3M_name'), concat(parameters('loadBalancers_LB_SalesApp_FranceCentral_O3M_name'), '-backendpool01'))]",
                "[resourceId('Microsoft.Network/loadBalancers/backendAddressPools', parameters('loadBalancers_LB_SalesApp_FranceCentral_O3M_name'), 'LBBE-SalesAPP-FranceCentral-O3M')]"
            ],
            "tags": {
                "Department": "Sales",
                "Type": "VMSS"
            },
            "sku": {
                "name": "Standard_B2s",
                "tier": "Standard",
                "capacity": 1
            },
            "properties": {
                "singlePlacementGroup": false,
                "orchestrationMode": "Uniform",
                "upgradePolicy": {
                    "mode": "Manual"
                },
                "scaleInPolicy": {
                    "rules": [
                        "Default"
                    ],
                    "forceDeletion": false
                },
                "virtualMachineProfile": {
                    "osProfile": {
                        "computerNamePrefix": "vmss-sale",
                        "adminUsername": "mostafa",
                        "windowsConfiguration": {
                            "provisionVMAgent": true,
                            "enableAutomaticUpdates": true
                        },
                        "secrets": [],
                        "allowExtensionOperations": true,
                        "requireGuestProvisionSignal": true
                    },
                    "storageProfile": {
                        "osDisk": {
                            "osType": "Windows",
                            "createOption": "FromImage",
                            "caching": "ReadWrite",
                            "managedDisk": {
                                "storageAccountType": "Premium_LRS"
                            },
                            "diskSizeGB": 127
                        },
                        "imageReference": {
                            "publisher": "MicrosoftWindowsServer",
                            "offer": "WindowsServer",
                            "sku": "2016-datacenter-gensecond",
                            "version": "latest"
                        },
                        "diskControllerType": "SCSI"
                    },
                    "networkProfile": {
                        "networkInterfaceConfigurations": [
                            {
                                "name": "Vnet-Sales-FranceCentral-O3M-nic01",
                                "properties": {
                                    "primary": true,
                                    "enableAcceleratedNetworking": false,
                                    "disableTcpStateTracking": false,
                                    "networkSecurityGroup": {
                                        "id": "[resourceId('Microsoft.Network/networkSecurityGroups', parameters('networkSecurityGroups_basicNsgVnet_Sales_FranceCentral_O3M_nic01_name'))]"
                                    },
                                    "dnsSettings": {
                                        "dnsServers": []
                                    },
                                    "enableIPForwarding": false,
                                    "ipConfigurations": [
                                        {
                                            "name": "Vnet-Sales-FranceCentral-O3M-nic01-defaultIpConfiguration",
                                            "properties": {
                                                "primary": true,
                                                "subnet": {
                                                    "id": "[resourceId('Microsoft.Network/virtualNetworks/subnets', parameters('virtualNetworks_Vnet_Sales_FranceCentral_O3M_name'), 'SN-Sales-FranceCentral-O3M')]"
                                                },
                                                "privateIPAddressVersion": "IPv4",
                                                "loadBalancerBackendAddressPools": [
                                                    {
                                                        "id": "[resourceId('Microsoft.Network/loadBalancers/backendAddressPools', parameters('loadBalancers_LB_SalesApp_FranceCentral_O3M_name'), concat(parameters('loadBalancers_LB_SalesApp_FranceCentral_O3M_name'), '-backendpool01'))]"
                                                    },
                                                    {
                                                        "id": "[resourceId('Microsoft.Network/loadBalancers/backendAddressPools', parameters('loadBalancers_LB_SalesApp_FranceCentral_O3M_name'), 'LBBE-SalesAPP-FranceCentral-O3M')]"
                                                    }
                                                ]
                                            }
                                        }
                                    ]
                                }
                            }
                        ]
                    },
                    "diagnosticsProfile": {
                        "bootDiagnostics": {
                            "enabled": true
                        }
                    },
                    "extensionProfile": {
                        "extensions": []
                    }
                },
                "overprovision": false,
                "doNotRunExtensionsOnOverprovisionedVMs": false,
                "platformFaultDomainCount": 1
            }
        },
        {
            "type": "Microsoft.Compute/virtualMachineScaleSets/virtualMachines",
            "apiVersion": "2024-07-01",
            "name": "[concat(parameters('virtualMachineScaleSets_VMSS_SalesAPP_FranceCentral_O3M_name'), '/1')]",
            "location": "francecentral",
            "dependsOn": [
                "[resourceId('Microsoft.Compute/virtualMachineScaleSets', parameters('virtualMachineScaleSets_VMSS_SalesAPP_FranceCentral_O3M_name'))]",
                "[resourceId('Microsoft.Network/networkSecurityGroups', parameters('networkSecurityGroups_basicNsgVnet_Sales_FranceCentral_O3M_nic01_name'))]",
                "[resourceId('Microsoft.Network/virtualNetworks/subnets', parameters('virtualNetworks_Vnet_Sales_FranceCentral_O3M_name'), 'SN-Sales-FranceCentral-O3M')]",
                "[resourceId('Microsoft.Network/loadBalancers/backendAddressPools', parameters('loadBalancers_LB_SalesApp_FranceCentral_O3M_name'), concat(parameters('loadBalancers_LB_SalesApp_FranceCentral_O3M_name'), '-backendpool01'))]",
                "[resourceId('Microsoft.Network/loadBalancers/backendAddressPools', parameters('loadBalancers_LB_SalesApp_FranceCentral_O3M_name'), 'LBBE-SalesAPP-FranceCentral-O3M')]"
            ],
            "tags": {
                "Department": "Sales",
                "Type": "VMSS"
            },
            "sku": {
                "name": "Standard_B2s",
                "tier": "Standard"
            },
            "properties": {
                "networkProfileConfiguration": {
                    "networkInterfaceConfigurations": [
                        {
                            "name": "Vnet-Sales-FranceCentral-O3M-nic01",
                            "properties": {
                                "primary": true,
                                "enableAcceleratedNetworking": false,
                                "disableTcpStateTracking": false,
                                "networkSecurityGroup": {
                                    "id": "[resourceId('Microsoft.Network/networkSecurityGroups', parameters('networkSecurityGroups_basicNsgVnet_Sales_FranceCentral_O3M_nic01_name'))]"
                                },
                                "dnsSettings": {
                                    "dnsServers": []
                                },
                                "enableIPForwarding": false,
                                "ipConfigurations": [
                                    {
                                        "name": "Vnet-Sales-FranceCentral-O3M-nic01-defaultIpConfiguration",
                                        "properties": {
                                            "primary": true,
                                            "subnet": {
                                                "id": "[resourceId('Microsoft.Network/virtualNetworks/subnets', parameters('virtualNetworks_Vnet_Sales_FranceCentral_O3M_name'), 'SN-Sales-FranceCentral-O3M')]"
                                            },
                                            "privateIPAddressVersion": "IPv4",
                                            "loadBalancerBackendAddressPools": [
                                                {
                                                    "id": "[resourceId('Microsoft.Network/loadBalancers/backendAddressPools', parameters('loadBalancers_LB_SalesApp_FranceCentral_O3M_name'), concat(parameters('loadBalancers_LB_SalesApp_FranceCentral_O3M_name'), '-backendpool01'))]"
                                                },
                                                {
                                                    "id": "[resourceId('Microsoft.Network/loadBalancers/backendAddressPools', parameters('loadBalancers_LB_SalesApp_FranceCentral_O3M_name'), 'LBBE-SalesAPP-FranceCentral-O3M')]"
                                                }
                                            ]
                                        }
                                    }
                                ]
                            }
                        }
                    ]
                },
                "hardwareProfile": {
                    "vmSize": "Standard_B2s"
                },
                "storageProfile": {
                    "imageReference": {
                        "publisher": "MicrosoftWindowsServer",
                        "offer": "WindowsServer",
                        "sku": "2016-datacenter-gensecond",
                        "version": "latest"
                    },
                    "osDisk": {
                        "osType": "Windows",
                        "name": "VMSS-SalesAPP-FranceVMSS-SalesAPP-FranceCdisk1_addfdd930ece4850ae6ec6470a5a2998",
                        "createOption": "FromImage",
                        "caching": "ReadWrite",
                        "managedDisk": {
                            "storageAccountType": "Premium_LRS",
                            "id": "[parameters('disks_VMSS_SalesAPP_FranceVMSS_SalesAPP_FranceCdisk1_addfdd930ece4850ae6ec6470a5a2998_externalid')]"
                        },
                        "diskSizeGB": 127
                    },
                    "dataDisks": [],
                    "diskControllerType": "SCSI"
                },
                "osProfile": {
                    "computerName": "vmss-sale000001",
                    "adminUsername": "mostafa",
                    "windowsConfiguration": {
                        "provisionVMAgent": true,
                        "enableAutomaticUpdates": true
                    },
                    "secrets": [],
                    "allowExtensionOperations": true,
                    "requireGuestProvisionSignal": true
                },
                "networkProfile": {
                    "networkInterfaces": [
                        {
                            "id": "[concat(resourceId('Microsoft.Compute/virtualMachineScaleSets/virtualMachines', parameters('virtualMachineScaleSets_VMSS_SalesAPP_FranceCentral_O3M_name'), '1'), '/networkInterfaces/Vnet-Sales-FranceCentral-O3M-nic01')]"
                        }
                    ]
                },
                "diagnosticsProfile": {
                    "bootDiagnostics": {
                        "enabled": true
                    }
                }
            }
        }
    ]
}