{
    "$schema": "https://schema.management.azure.com/schemas/2019-04-01/deploymentTemplate.json#",
    "contentVersion": "1.0.0.0",
    "parameters": {
        "azureFirewalls_O3MFW_name": {
            "defaultValue": "O3MFW",
            "type": "String"
        },
        "bastionHosts_vmssbastio_name": {
            "defaultValue": "vmssbastio",
            "type": "String"
        },
        "publicIPAddresses_FWPIP_name": {
            "defaultValue": "FWPIP",
            "type": "String"
        },
        "publicIPAddresses_VPN_PIP_name": {
            "defaultValue": "VPN-PIP",
            "type": "String"
        },
        "firewallPolicies_O3MPOLICY_name": {
            "defaultValue": "O3MPOLICY",
            "type": "String"
        },
        "publicIPAddresses_bastion_pip_name": {
            "defaultValue": "bastion-pip",
            "type": "String"
        },
        "virtualNetworkGateways_O3MVPN_name": {
            "defaultValue": "O3MVPN",
            "type": "String"
        },
        "virtualNetworks_Vnet_Sharedservices_FranceCentral_O3M_name": {
            "defaultValue": "Vnet-Sharedservices-FranceCentral-O3M",
            "type": "String"
        },
        "virtualNetworks_Vnet_Sales_FranceCentral_O3M_externalid": {
            "defaultValue": "/subscriptions/9f1175b8-7059-4b6a-8c09-43032c79d56c/resourceGroups/RG-Sales-FranceCentral-O3M/providers/Microsoft.Network/virtualNetworks/Vnet-Sales-FranceCentral-O3M",
            "type": "String"
        },
        "virtualNetworks_Vnet_Marketing_FranceCentral_O3M_externalid": {
            "defaultValue": "/subscriptions/9f1175b8-7059-4b6a-8c09-43032c79d56c/resourceGroups/RG-Marketing-FranceCentral-O3M/providers/Microsoft.Network/virtualNetworks/Vnet-Marketing-FranceCentral-O3M",
            "type": "String"
        }
    },
    "variables": {},
    "resources": [
        {
            "type": "Microsoft.Network/firewallPolicies",
            "apiVersion": "2024-01-01",
            "name": "[parameters('firewallPolicies_O3MPOLICY_name')]",
            "location": "francecentral",
            "properties": {
                "sku": {
                    "tier": "Premium"
                },
                "threatIntelMode": "Alert",
                "intrusionDetection": {
                    "mode": "Off"
                }
            }
        },
        {
            "type": "Microsoft.Network/publicIPAddresses",
            "apiVersion": "2024-01-01",
            "name": "[parameters('publicIPAddresses_bastion_pip_name')]",
            "location": "francecentral",
            "tags": {
                "Department": "Shared Services ",
                "Type": "bastion"
            },
            "sku": {
                "name": "Standard",
                "tier": "Regional"
            },
            "properties": {
                "ipAddress": "4.178.186.14",
                "publicIPAddressVersion": "IPv4",
                "publicIPAllocationMethod": "Static",
                "idleTimeoutInMinutes": 4,
                "ipTags": []
            }
        },
        {
            "type": "Microsoft.Network/publicIPAddresses",
            "apiVersion": "2024-01-01",
            "name": "[parameters('publicIPAddresses_FWPIP_name')]",
            "location": "francecentral",
            "tags": {
                "Department": "Shared Services ",
                "Type": "FW"
            },
            "sku": {
                "name": "Standard",
                "tier": "Regional"
            },
            "zones": [
                "1"
            ],
            "properties": {
                "ipAddress": "4.178.136.189",
                "publicIPAddressVersion": "IPv4",
                "publicIPAllocationMethod": "Static",
                "idleTimeoutInMinutes": 4,
                "ipTags": []
            }
        },
        {
            "type": "Microsoft.Network/publicIPAddresses",
            "apiVersion": "2024-01-01",
            "name": "[parameters('publicIPAddresses_VPN_PIP_name')]",
            "location": "francecentral",
            "sku": {
                "name": "Standard",
                "tier": "Regional"
            },
            "zones": [
                "1"
            ],
            "properties": {
                "ipAddress": "4.178.136.239",
                "publicIPAddressVersion": "IPv4",
                "publicIPAllocationMethod": "Static",
                "idleTimeoutInMinutes": 4,
                "ipTags": []
            }
        },
        {
            "type": "Microsoft.Network/virtualNetworks",
            "apiVersion": "2024-01-01",
            "name": "[parameters('virtualNetworks_Vnet_Sharedservices_FranceCentral_O3M_name')]",
            "location": "francecentral",
            "tags": {
                "Department": "Shared Services ",
                "Type": "Vnet"
            },
            "properties": {
                "addressSpace": {
                    "addressPrefixes": [
                        "10.30.0.0/24"
                    ]
                },
                "encryption": {
                    "enabled": false,
                    "enforcement": "AllowUnencrypted"
                },
                "subnets": [
                    {
                        "name": "AzureFirewallSubnet",
                        "id": "[resourceId('Microsoft.Network/virtualNetworks/subnets', parameters('virtualNetworks_Vnet_Sharedservices_FranceCentral_O3M_name'), 'AzureFirewallSubnet')]",
                        "properties": {
                            "addressPrefixes": [
                                "10.30.0.0/26"
                            ],
                            "delegations": [],
                            "privateEndpointNetworkPolicies": "Disabled",
                            "privateLinkServiceNetworkPolicies": "Enabled"
                        },
                        "type": "Microsoft.Network/virtualNetworks/subnets"
                    },
                    {
                        "name": "GatewaySubnet",
                        "id": "[resourceId('Microsoft.Network/virtualNetworks/subnets', parameters('virtualNetworks_Vnet_Sharedservices_FranceCentral_O3M_name'), 'GatewaySubnet')]",
                        "properties": {
                            "addressPrefixes": [
                                "10.30.0.64/27"
                            ],
                            "delegations": [],
                            "privateEndpointNetworkPolicies": "Disabled",
                            "privateLinkServiceNetworkPolicies": "Enabled"
                        },
                        "type": "Microsoft.Network/virtualNetworks/subnets"
                    },
                    {
                        "name": "AzureBastionSubnet",
                        "id": "[resourceId('Microsoft.Network/virtualNetworks/subnets', parameters('virtualNetworks_Vnet_Sharedservices_FranceCentral_O3M_name'), 'AzureBastionSubnet')]",
                        "properties": {
                            "addressPrefixes": [
                                "10.30.0.128/26"
                            ],
                            "delegations": [],
                            "privateEndpointNetworkPolicies": "Disabled",
                            "privateLinkServiceNetworkPolicies": "Enabled"
                        },
                        "type": "Microsoft.Network/virtualNetworks/subnets"
                    }
                ],
                "virtualNetworkPeerings": [
                    {
                        "name": "SALESTOSHAREDSERVICES",
                        "id": "[resourceId('Microsoft.Network/virtualNetworks/virtualNetworkPeerings', parameters('virtualNetworks_Vnet_Sharedservices_FranceCentral_O3M_name'), 'SALESTOSHAREDSERVICES')]",
                        "properties": {
                            "peeringState": "Connected",
                            "peeringSyncLevel": "FullyInSync",
                            "remoteVirtualNetwork": {
                                "id": "[parameters('virtualNetworks_Vnet_Sales_FranceCentral_O3M_externalid')]"
                            },
                            "allowVirtualNetworkAccess": true,
                            "allowForwardedTraffic": true,
                            "allowGatewayTransit": false,
                            "useRemoteGateways": false,
                            "doNotVerifyRemoteGateways": false,
                            "peerCompleteVnets": true,
                            "remoteAddressSpace": {
                                "addressPrefixes": [
                                    "10.20.0.0/16"
                                ]
                            },
                            "remoteVirtualNetworkAddressSpace": {
                                "addressPrefixes": [
                                    "10.20.0.0/16"
                                ]
                            }
                        },
                        "type": "Microsoft.Network/virtualNetworks/virtualNetworkPeerings"
                    },
                    {
                        "name": "MarketingtoHub",
                        "id": "[resourceId('Microsoft.Network/virtualNetworks/virtualNetworkPeerings', parameters('virtualNetworks_Vnet_Sharedservices_FranceCentral_O3M_name'), 'MarketingtoHub')]",
                        "properties": {
                            "peeringState": "Connected",
                            "peeringSyncLevel": "LocalNotInSync",
                            "remoteVirtualNetwork": {
                                "id": "[parameters('virtualNetworks_Vnet_Marketing_FranceCentral_O3M_externalid')]"
                            },
                            "allowVirtualNetworkAccess": true,
                            "allowForwardedTraffic": true,
                            "allowGatewayTransit": true,
                            "useRemoteGateways": false,
                            "doNotVerifyRemoteGateways": false,
                            "peerCompleteVnets": true,
                            "remoteAddressSpace": {
                                "addressPrefixes": [
                                    "10.10.0.0/24"
                                ]
                            },
                            "remoteVirtualNetworkAddressSpace": {
                                "addressPrefixes": [
                                    "10.10.0.0/16"
                                ]
                            }
                        },
                        "type": "Microsoft.Network/virtualNetworks/virtualNetworkPeerings"
                    }
                ],
                "enableDdosProtection": false
            }
        },
        {
            "type": "Microsoft.Network/firewallPolicies/ruleCollectionGroups",
            "apiVersion": "2024-01-01",
            "name": "[concat(parameters('firewallPolicies_O3MPOLICY_name'), '/DefaultApplicationRuleCollectionGroup')]",
            "location": "francecentral",
            "dependsOn": [
                "[resourceId('Microsoft.Network/firewallPolicies', parameters('firewallPolicies_O3MPOLICY_name'))]"
            ],
            "properties": {
                "priority": 300,
                "ruleCollections": [
                    {
                        "ruleCollectionType": "FirewallPolicyFilterRuleCollection",
                        "action": {
                            "type": "Allow"
                        },
                        "rules": [],
                        "name": "AllowMSUPDATE",
                        "priority": 100
                    },
                    {
                        "ruleCollectionType": "FirewallPolicyFilterRuleCollection",
                        "action": {
                            "type": "Allow"
                        },
                        "rules": [
                            {
                                "ruleType": "ApplicationRule",
                                "name": "1",
                                "protocols": [
                                    {
                                        "protocolType": "Http",
                                        "port": 80
                                    },
                                    {
                                        "protocolType": "Https",
                                        "port": 443
                                    }
                                ],
                                "fqdnTags": [],
                                "webCategories": [],
                                "targetFqdns": [
                                    "*google.com"
                                ],
                                "targetUrls": [],
                                "terminateTLS": false,
                                "sourceAddresses": [
                                    "10.20.10.0/24"
                                ],
                                "destinationAddresses": [],
                                "sourceIpGroups": [],
                                "httpHeadersToInsert": []
                            }
                        ],
                        "name": "allowgoogleservices",
                        "priority": 101
                    }
                ]
            }
        },
        {
            "type": "Microsoft.Network/firewallPolicies/ruleCollectionGroups",
            "apiVersion": "2024-01-01",
            "name": "[concat(parameters('firewallPolicies_O3MPOLICY_name'), '/DefaultDnatRuleCollectionGroup')]",
            "location": "francecentral",
            "dependsOn": [
                "[resourceId('Microsoft.Network/firewallPolicies', parameters('firewallPolicies_O3MPOLICY_name'))]"
            ],
            "properties": {
                "priority": 100,
                "ruleCollections": [
                    {
                        "ruleCollectionType": "FirewallPolicyNatRuleCollection",
                        "action": {
                            "type": "Dnat"
                        },
                        "rules": [
                            {
                                "ruleType": "NatRule",
                                "name": "allowwebapp-sales",
                                "translatedAddress": "10.20.10.4",
                                "translatedPort": "80",
                                "ipProtocols": [
                                    "TCP"
                                ],
                                "sourceAddresses": [
                                    "20.116.222.117",
                                    "172.16.0.0/16"
                                ],
                                "sourceIpGroups": [],
                                "destinationAddresses": [
                                    "4.178.136.189"
                                ],
                                "destinationPorts": [
                                    "80"
                                ]
                            }
                        ],
                        "name": "wepapp-traffic",
                        "priority": 105
                    }
                ]
            }
        },
        {
            "type": "Microsoft.Network/virtualNetworks/subnets",
            "apiVersion": "2024-01-01",
            "name": "[concat(parameters('virtualNetworks_Vnet_Sharedservices_FranceCentral_O3M_name'), '/AzureBastionSubnet')]",
            "dependsOn": [
                "[resourceId('Microsoft.Network/virtualNetworks', parameters('virtualNetworks_Vnet_Sharedservices_FranceCentral_O3M_name'))]"
            ],
            "properties": {
                "addressPrefixes": [
                    "10.30.0.128/26"
                ],
                "delegations": [],
                "privateEndpointNetworkPolicies": "Disabled",
                "privateLinkServiceNetworkPolicies": "Enabled"
            }
        },
        {
            "type": "Microsoft.Network/virtualNetworks/subnets",
            "apiVersion": "2024-01-01",
            "name": "[concat(parameters('virtualNetworks_Vnet_Sharedservices_FranceCentral_O3M_name'), '/AzureFirewallSubnet')]",
            "dependsOn": [
                "[resourceId('Microsoft.Network/virtualNetworks', parameters('virtualNetworks_Vnet_Sharedservices_FranceCentral_O3M_name'))]"
            ],
            "properties": {
                "addressPrefixes": [
                    "10.30.0.0/26"
                ],
                "delegations": [],
                "privateEndpointNetworkPolicies": "Disabled",
                "privateLinkServiceNetworkPolicies": "Enabled"
            }
        },
        {
            "type": "Microsoft.Network/virtualNetworks/subnets",
            "apiVersion": "2024-01-01",
            "name": "[concat(parameters('virtualNetworks_Vnet_Sharedservices_FranceCentral_O3M_name'), '/GatewaySubnet')]",
            "dependsOn": [
                "[resourceId('Microsoft.Network/virtualNetworks', parameters('virtualNetworks_Vnet_Sharedservices_FranceCentral_O3M_name'))]"
            ],
            "properties": {
                "addressPrefixes": [
                    "10.30.0.64/27"
                ],
                "delegations": [],
                "privateEndpointNetworkPolicies": "Disabled",
                "privateLinkServiceNetworkPolicies": "Enabled"
            }
        },
        {
            "type": "Microsoft.Network/virtualNetworks/virtualNetworkPeerings",
            "apiVersion": "2024-01-01",
            "name": "[concat(parameters('virtualNetworks_Vnet_Sharedservices_FranceCentral_O3M_name'), '/MarketingtoHub')]",
            "dependsOn": [
                "[resourceId('Microsoft.Network/virtualNetworks', parameters('virtualNetworks_Vnet_Sharedservices_FranceCentral_O3M_name'))]"
            ],
            "properties": {
                "peeringState": "Connected",
                "peeringSyncLevel": "LocalNotInSync",
                "remoteVirtualNetwork": {
                    "id": "[parameters('virtualNetworks_Vnet_Marketing_FranceCentral_O3M_externalid')]"
                },
                "allowVirtualNetworkAccess": true,
                "allowForwardedTraffic": true,
                "allowGatewayTransit": true,
                "useRemoteGateways": false,
                "doNotVerifyRemoteGateways": false,
                "peerCompleteVnets": true,
                "remoteAddressSpace": {
                    "addressPrefixes": [
                        "10.10.0.0/24"
                    ]
                },
                "remoteVirtualNetworkAddressSpace": {
                    "addressPrefixes": [
                        "10.10.0.0/16"
                    ]
                }
            }
        },
        {
            "type": "Microsoft.Network/virtualNetworks/virtualNetworkPeerings",
            "apiVersion": "2024-01-01",
            "name": "[concat(parameters('virtualNetworks_Vnet_Sharedservices_FranceCentral_O3M_name'), '/SALESTOSHAREDSERVICES')]",
            "dependsOn": [
                "[resourceId('Microsoft.Network/virtualNetworks', parameters('virtualNetworks_Vnet_Sharedservices_FranceCentral_O3M_name'))]"
            ],
            "properties": {
                "peeringState": "Connected",
                "peeringSyncLevel": "FullyInSync",
                "remoteVirtualNetwork": {
                    "id": "[parameters('virtualNetworks_Vnet_Sales_FranceCentral_O3M_externalid')]"
                },
                "allowVirtualNetworkAccess": true,
                "allowForwardedTraffic": true,
                "allowGatewayTransit": false,
                "useRemoteGateways": false,
                "doNotVerifyRemoteGateways": false,
                "peerCompleteVnets": true,
                "remoteAddressSpace": {
                    "addressPrefixes": [
                        "10.20.0.0/16"
                    ]
                },
                "remoteVirtualNetworkAddressSpace": {
                    "addressPrefixes": [
                        "10.20.0.0/16"
                    ]
                }
            }
        },
        {
            "type": "Microsoft.Network/bastionHosts",
            "apiVersion": "2024-01-01",
            "name": "[parameters('bastionHosts_vmssbastio_name')]",
            "location": "francecentral",
            "dependsOn": [
                "[resourceId('Microsoft.Network/publicIPAddresses', parameters('publicIPAddresses_bastion_pip_name'))]",
                "[resourceId('Microsoft.Network/virtualNetworks/subnets', parameters('virtualNetworks_Vnet_Sharedservices_FranceCentral_O3M_name'), 'AzureBastionSubnet')]"
            ],
            "tags": {
                "Department": "Shared Services ",
                "Type": "bastion"
            },
            "sku": {
                "name": "Standard"
            },
            "properties": {
                "dnsName": "bst-83901e34-7475-407e-bb03-3739298a2ac9.bastion.azure.com",
                "scaleUnits": 2,
                "enableTunneling": false,
                "enableIpConnect": false,
                "disableCopyPaste": false,
                "enableShareableLink": true,
                "enableKerberos": false,
                "enableSessionRecording": false,
                "ipConfigurations": [
                    {
                        "name": "IpConf",
                        "id": "[concat(resourceId('Microsoft.Network/bastionHosts', parameters('bastionHosts_vmssbastio_name')), '/bastionHostIpConfigurations/IpConf')]",
                        "properties": {
                            "privateIPAllocationMethod": "Dynamic",
                            "publicIPAddress": {
                                "id": "[resourceId('Microsoft.Network/publicIPAddresses', parameters('publicIPAddresses_bastion_pip_name'))]"
                            },
                            "subnet": {
                                "id": "[resourceId('Microsoft.Network/virtualNetworks/subnets', parameters('virtualNetworks_Vnet_Sharedservices_FranceCentral_O3M_name'), 'AzureBastionSubnet')]"
                            }
                        }
                    }
                ]
            }
        },
        {
            "type": "Microsoft.Network/virtualNetworkGateways",
            "apiVersion": "2024-01-01",
            "name": "[parameters('virtualNetworkGateways_O3MVPN_name')]",
            "location": "francecentral",
            "dependsOn": [
                "[resourceId('Microsoft.Network/publicIPAddresses', parameters('publicIPAddresses_VPN_PIP_name'))]",
                "[resourceId('Microsoft.Network/virtualNetworks/subnets', parameters('virtualNetworks_Vnet_Sharedservices_FranceCentral_O3M_name'), 'GatewaySubnet')]"
            ],
            "tags": {
                "Department": "Shared Services ",
                "Type": "VPN"
            },
            "properties": {
                "enablePrivateIpAddress": false,
                "ipConfigurations": [
                    {
                        "name": "default",
                        "id": "[concat(resourceId('Microsoft.Network/virtualNetworkGateways', parameters('virtualNetworkGateways_O3MVPN_name')), '/ipConfigurations/default')]",
                        "properties": {
                            "privateIPAllocationMethod": "Dynamic",
                            "publicIPAddress": {
                                "id": "[resourceId('Microsoft.Network/publicIPAddresses', parameters('publicIPAddresses_VPN_PIP_name'))]"
                            },
                            "subnet": {
                                "id": "[resourceId('Microsoft.Network/virtualNetworks/subnets', parameters('virtualNetworks_Vnet_Sharedservices_FranceCentral_O3M_name'), 'GatewaySubnet')]"
                            }
                        }
                    }
                ],
                "natRules": [],
                "virtualNetworkGatewayPolicyGroups": [],
                "enableBgpRouteTranslationForNat": false,
                "disableIPSecReplayProtection": false,
                "sku": {
                    "name": "VpnGw2AZ",
                    "tier": "VpnGw2AZ"
                },
                "gatewayType": "Vpn",
                "vpnType": "RouteBased",
                "enableBgp": false,
                "activeActive": false,
                "vpnClientConfiguration": {
                    "vpnClientAddressPool": {
                        "addressPrefixes": [
                            "172.16.0.0/16"
                        ]
                    },
                    "vpnClientProtocols": [
                        "IkeV2",
                        "OpenVPN"
                    ],
                    "vpnAuthenticationTypes": [
                        "Certificate"
                    ],
                    "vpnClientRootCertificates": [
                        {
                            "name": "minacert",
                            "id": "[concat(resourceId('Microsoft.Network/virtualNetworkGateways', parameters('virtualNetworkGateways_O3MVPN_name')), '/vpnClientRootCertificates/minacert')]",
                            "properties": {
                                "publicCertData": "MIIC5zCCAc+gAwIBAgIQL4pnkTiA6b9Inh5QU1ksBzANBgkqhkiG9w0BAQsFADAW MRQwEgYDVQQDDAtQMlNSb290Q2VydDAeFw0yNDA5MjAxOTMzMzhaFw0yNjA5MjAx OTQzMzhaMBYxFDASBgNVBAMMC1AyU1Jvb3RDZXJ0MIIBIjANBgkqhkiG9w0BAQEF AAOCAQ8AMIIBCgKCAQEAz2FjON+9aA5AqFdxcAvQGViYvG5it85HxD0NdPIT4+bG FhT5uAFVkl6t6VfyHzOB5HRM063q16v8/e0MYoqdy/IBCqqeURncm3kVir1CnqNs WpikoxU3EhEBvfvjob3Sdn1b9gLlnQFQ736KIFyKibBeD1Wyhj+VAKZ7FcPy8ScR EhCfru09cpH/7p8bz/AN+3q55vU5J/3Pi2dzxmlNQ6MopostPib7FZF0wLEXTEg4 eQ5odmbzgByPM0T4TnUTCDbZsweb49mMzYRG+PP58ITGT4JELNP5dHPCObzf0g8n c9ckNWT0yB5cRMgRY/GjnoF/mwit9UOn4UvZ6chvhQIDAQABozEwLzAOBgNVHQ8B Af8EBAMCAgQwHQYDVR0OBBYEFONqjJNv0JashbdhzwSV93RZCamvMA0GCSqGSIb3 DQEBCwUAA4IBAQCHw0BzteEQ1rPsCWwN8Tt9AAZfOkdfkIFdP2HRk0p5NPJXw5uW 7CIzJio9QEeYEcmakkXvTza4veW5JrJ7dHCDo8EYdMk0PcSkpqZbngibMnasuljC PfQy05xMM7PrXXo6fdshlAP2/FOhDAJom0d44gfOpPYF9DXV/qLovyF2a4UQPoES N0NXpeq36gn8Rc3cpOX6VklxNgDuHQdx3TmB1bYhRJYRCopsoCHhzKg0NKYY47+x JALtMN7DuNJOdPMngoN9yMJno5efv0JidpFZo8MBlzmGjQVIgNUHVxUWtm75JNbr 7Ce9Cup1g7qGk2J9E3JzSfOB8IHsK+sfQMKY"
                            }
                        }
                    ],
                    "vpnClientRevokedCertificates": [],
                    "vngClientConnectionConfigurations": [],
                    "radiusServers": [],
                    "vpnClientIpsecPolicies": []
                },
                "bgpSettings": {
                    "asn": 65515,
                    "bgpPeeringAddress": "10.30.0.94",
                    "peerWeight": 0,
                    "bgpPeeringAddresses": [
                        {
                            "ipconfigurationId": "[concat(resourceId('Microsoft.Network/virtualNetworkGateways', parameters('virtualNetworkGateways_O3MVPN_name')), '/ipConfigurations/default')]",
                            "customBgpIpAddresses": []
                        }
                    ]
                },
                "customRoutes": {
                    "addressPrefixes": []
                },
                "vpnGatewayGeneration": "Generation2",
                "allowRemoteVnetTraffic": false,
                "allowVirtualWanTraffic": false
            }
        },
        {
            "type": "Microsoft.Network/azureFirewalls",
            "apiVersion": "2024-01-01",
            "name": "[parameters('azureFirewalls_O3MFW_name')]",
            "location": "francecentral",
            "dependsOn": [
                "[resourceId('Microsoft.Network/publicIPAddresses', parameters('publicIPAddresses_FWPIP_name'))]",
                "[resourceId('Microsoft.Network/virtualNetworks/subnets', parameters('virtualNetworks_Vnet_Sharedservices_FranceCentral_O3M_name'), 'AzureFirewallSubnet')]",
                "[resourceId('Microsoft.Network/firewallPolicies', parameters('firewallPolicies_O3MPOLICY_name'))]"
            ],
            "tags": {
                "Department": "Shared Services ",
                "Type": "FW"
            },
            "zones": [
                "1"
            ],
            "properties": {
                "sku": {
                    "name": "AZFW_VNet",
                    "tier": "Premium"
                },
                "threatIntelMode": "Alert",
                "additionalProperties": {},
                "ipConfigurations": [
                    {
                        "name": "FWPIP",
                        "id": "[concat(resourceId('Microsoft.Network/azureFirewalls', parameters('azureFirewalls_O3MFW_name')), '/azureFirewallIpConfigurations/FWPIP')]",
                        "properties": {
                            "publicIPAddress": {
                                "id": "[resourceId('Microsoft.Network/publicIPAddresses', parameters('publicIPAddresses_FWPIP_name'))]"
                            },
                            "subnet": {
                                "id": "[resourceId('Microsoft.Network/virtualNetworks/subnets', parameters('virtualNetworks_Vnet_Sharedservices_FranceCentral_O3M_name'), 'AzureFirewallSubnet')]"
                            }
                        }
                    }
                ],
                "networkRuleCollections": [],
                "applicationRuleCollections": [],
                "natRuleCollections": [],
                "firewallPolicy": {
                    "id": "[resourceId('Microsoft.Network/firewallPolicies', parameters('firewallPolicies_O3MPOLICY_name'))]"
                }
            }
        }
    ]
}